n_bits,corruption,hopfield_full_acc_mean,hopfield_full_acc_std,hopfield_full_acc_ci,hopfield_bit_acc_mean,hopfield_bit_acc_std,hopfield_bit_acc_ci,qam_full_acc_mean,qam_full_acc_std,qam_full_acc_ci,qam_bit_acc_mean,qam_bit_acc_std,qam_bit_acc_ci,hopfield_train_mean,qam_train_mean,hopfield_infer_mean,qam_infer_mean
4,0.0,1.0,0.0,0.0,1.0,0.0,0.0,1.0,0.0,0.0,1.0,0.0,0.0,1.544952392578125e-05,3.6917750040690103,5.646546681722005e-06,0.0009309430917104085
4,0.1,0.9333333333333333,0.24944382578492943,0.08926232667235917,0.9666666666666667,0.12472191289246472,0.044631163336179586,1.0,0.0,0.0,1.0,0.0,0.0,1.6578038533528645e-05,3.854606040318807,5.698204040527343e-06,0.0009945213794708252
4,0.2,0.7666666666666667,0.42295258468165065,0.15135163863836595,0.8666666666666667,0.25603819159562025,0.09162209017157055,0.0,0.0,0.0,0.425,0.11456439237389598,0.04099634130016969,1.683235168457031e-05,4.013106036186218,6.3478946685791016e-06,0.0010909378528594972
4,0.3,0.6,0.48989794855663565,0.17530772943598352,0.7166666666666667,0.38042374035044424,0.13613288714694535,0.0,0.0,0.0,0.75,0.0,0.0,1.6427040100097658e-05,4.118556046485901,6.1372915903727215e-06,0.0010845224062601725
4,0.4,0.4666666666666667,0.49888765156985887,0.17852465334471834,0.6166666666666667,0.40173235977313165,0.14375807867798313,0.0,0.0,0.0,0.75,0.0,0.0,1.715819040934245e-05,4.156715806325277,6.322065989176432e-06,0.0010873119036356607
6,0.0,1.0,0.0,0.0,1.0,0.0,0.0,1.0,0.0,0.0,1.0,0.0,0.0,1.8517176310221355e-05,9.56409478187561,4.73128424750434e-06,0.001549115445878771
6,0.1,1.0,0.0,0.0,1.0,0.0,0.0,1.0,0.0,0.0,1.0,0.0,0.0,1.8556912740071613e-05,9.428980898857116,4.2928589714898006e-06,0.0014904181162516275
6,0.2,0.9,0.29999999999999993,0.10735362127101253,0.95,0.15000000000000002,0.053676810635506285,1.0,0.0,0.0,1.0,0.0,0.0,2.0352999369303384e-05,9.829013403256734,4.620022243923612e-06,0.0016007939974466963
6,0.3,0.7,0.45825756949558394,0.16398536520067877,0.8166666666666667,0.3023059524536176,0.10817879575892796,0.0,0.0,0.0,0.7055555555555556,0.08258927081843616,0.029554191001638284,1.842975616455078e-05,9.407151246070862,4.589557647705078e-06,0.0015155831972757973
6,0.4,0.5,0.5,0.17892270211835426,0.6166666666666667,0.4219662967057387,0.15099870001893195,0.0,0.0,0.0,0.31666666666666654,0.13844373104863458,0.0495414529011368,1.8413861592610677e-05,9.612038056055704,4.300806257459852e-06,0.0016183455785115557
8,0.0,1.0,0.0,0.0,1.0,0.0,0.0,1.0,0.0,0.0,1.0,0.0,0.0,2.49942143758138e-05,31.37712445259094,2.968808015187581e-06,0.001863791545232137
8,0.1,0.8333333333333334,0.26874192494328497,0.09616806276668098,0.9520833333333333,0.08792061602503831,0.031461988382220266,0.0,0.0,0.0,0.5541666666666667,0.13281147875424357,0.04752597730208731,2.4366378784179688e-05,32.74408903121948,2.939005692799886e-06,0.001879639426867167
8,0.2,0.6,0.32659863237109044,0.116871819623989,0.8770833333333333,0.11801674198557122,0.04223174874252606,0.0,0.0,0.0,0.5395833333333333,0.13927204094465226,0.04983785979071051,2.4024645487467448e-05,31.571561614672344,3.137687842051188e-06,0.0018222610155741374
8,0.3,0.4,0.3265986323710904,0.11687181962398899,0.7354166666666667,0.1780122693961165,0.06370087250114717,0.0,0.0,0.0,0.5395833333333333,0.13927204094465226,0.04983785979071051,2.4215380350748697e-05,32.0153534412384,2.9221177101135253e-06,0.0018852055072784424
8,0.4,0.26666666666666666,0.3091206165165235,0.11061739197525591,0.625,0.1943203969393503,0.06953666099419947,0.0,0.0,0.0,0.525,0.12665570127975553,0.04532316062333792,2.3969014485677083e-05,34.00182983875275,2.913673718770345e-06,0.001945917308330536
10,0.0,0.8444444444444444,0.30711722135745007,0.10990048622471141,0.9822222222222222,0.03725123247608935,0.013330182343721799,1.0,0.0,0.0,1.0,0.0,0.0,2.827644348144531e-05,70.9439080953598,2.363257937961155e-06,0.002098539140489366
10,0.1,0.6,0.3030707043774635,0.1084524587202574,0.9288888888888888,0.06367355014175288,0.02278528728966189,0.0,0.0,0.0,0.6055555555555556,0.09625711453583798,0.034445166061736095,2.6766459147135416e-05,67.60234904289246,2.146561940511068e-06,0.0020992030037773977
10,0.2,0.5,0.30731814857642953,0.10997238710660927,0.8733333333333333,0.10797804989561194,0.038639448913586734,0.0,0.0,0.0,0.49444444444444446,0.11834767779515645,0.042350172601083494,2.5963783264160158e-05,68.81205321153006,2.1998087565104162e-06,0.0020357452498541936
10,0.3,0.3333333333333333,0.3103164454170876,0.11104531385157619,0.7999999999999999,0.13109227736669002,0.0469107689865939,0.0,0.0,0.0,0.4822222222222222,0.08807964970047294,0.03151889785209342,2.6806195576985678e-05,69.1512525955836,2.1518601311577696e-06,0.002087099552154541
10,0.4,0.16666666666666666,0.2545875386086578,0.09110298066704378,0.691111111111111,0.15821535565624503,0.05661663790126361,0.0,0.0,0.0,0.48222222222222216,0.07636817901084259,0.027328001888956285,2.5995572408040364e-05,68.27222231229146,2.1873580084906686e-06,0.002019868956671821
