n_bits,capacity_ratio,noise,seed,hopfield_full,hopfield_bit,qam_full,qam_bit
8,0.2,0.1,0,1.0,1.0,1.0,1.0
8,0.2,0.1,1,1.0,1.0,0.0,0.5
8,0.2,0.1,2,1.0,1.0,0.0,0.875
8,0.2,0.1,3,1.0,1.0,1.0,1.0
8,0.2,0.1,4,1.0,1.0,0.0,0.5
8,0.2,0.1,5,1.0,1.0,0.0,0.5
8,0.2,0.1,6,1.0,1.0,0.0,0.875
8,0.2,0.1,7,1.0,1.0,0.0,0.75
8,0.2,0.1,8,1.0,1.0,0.0,0.5
8,0.2,0.1,9,1.0,1.0,1.0,1.0
8,0.2,0.1,10,1.0,1.0,0.0,0.75
8,0.2,0.1,11,1.0,1.0,0.0,0.875
8,0.2,0.1,12,1.0,1.0,1.0,1.0
8,0.2,0.1,13,1.0,1.0,0.0,0.75
8,0.2,0.1,14,1.0,1.0,1.0,1.0
8,0.2,0.1,15,1.0,1.0,1.0,1.0
8,0.2,0.1,16,1.0,1.0,0.0,0.875
8,0.2,0.1,17,1.0,1.0,0.0,0.625
8,0.2,0.1,18,1.0,1.0,1.0,1.0
8,0.2,0.1,19,1.0,1.0,0.0,0.375
8,0.2,0.1,20,1.0,1.0,0.0,0.625
8,0.2,0.1,21,1.0,1.0,1.0,1.0
8,0.2,0.1,22,1.0,1.0,0.0,0.5
8,0.2,0.1,23,1.0,1.0,0.0,0.5
8,0.2,0.1,24,1.0,1.0,1.0,1.0
8,0.2,0.1,25,1.0,1.0,0.0,0.875
8,0.2,0.1,26,1.0,1.0,0.0,0.375
8,0.2,0.1,27,1.0,1.0,0.0,0.75
8,0.2,0.1,28,1.0,1.0,1.0,1.0
8,0.2,0.1,29,1.0,1.0,0.0,0.625
8,0.2,0.2,0,1.0,1.0,0.0,0.75
8,0.2,0.2,1,1.0,1.0,0.0,0.5
8,0.2,0.2,2,1.0,1.0,0.0,0.875
8,0.2,0.2,3,1.0,1.0,0.0,0.875
8,0.2,0.2,4,1.0,1.0,0.0,0.875
8,0.2,0.2,5,1.0,1.0,0.0,0.5
8,0.2,0.2,6,1.0,1.0,0.0,0.375
8,0.2,0.2,7,1.0,1.0,0.0,0.25
8,0.2,0.2,8,1.0,1.0,0.0,0.5
8,0.2,0.2,9,1.0,1.0,1.0,1.0
8,0.2,0.2,10,1.0,1.0,0.0,0.75
8,0.2,0.2,11,1.0,1.0,0.0,0.875
8,0.2,0.2,12,1.0,1.0,0.0,0.5
8,0.2,0.2,13,1.0,1.0,0.0,0.75
8,0.2,0.2,14,1.0,1.0,1.0,1.0
8,0.2,0.2,15,1.0,1.0,0.0,0.5
8,0.2,0.2,16,1.0,1.0,0.0,0.625
8,0.2,0.2,17,1.0,1.0,0.0,0.75
8,0.2,0.2,18,1.0,1.0,0.0,0.875
8,0.2,0.2,19,1.0,1.0,0.0,0.75
8,0.2,0.2,20,1.0,1.0,0.0,0.5
8,0.2,0.2,21,1.0,1.0,0.0,0.625
8,0.2,0.2,22,1.0,1.0,0.0,0.5
8,0.2,0.2,23,1.0,1.0,0.0,0.625
8,0.2,0.2,24,1.0,1.0,1.0,1.0
8,0.2,0.2,25,1.0,1.0,0.0,0.5
8,0.2,0.2,26,1.0,1.0,0.0,0.625
8,0.2,0.2,27,1.0,1.0,0.0,0.75
8,0.2,0.2,28,1.0,1.0,0.0,0.625
8,0.2,0.2,29,1.0,1.0,0.0,0.625
8,0.3,0.1,0,0.5,0.875,0.5,0.9375
8,0.3,0.1,1,1.0,1.0,0.0,0.8125
8,0.3,0.1,2,0.5,0.875,0.0,0.5
8,0.3,0.1,3,0.5,0.6875,1.0,1.0
8,0.3,0.1,4,0.5,0.9375,1.0,1.0
8,0.3,0.1,5,1.0,1.0,0.5,0.875
8,0.3,0.1,6,1.0,1.0,0.0,0.4375
8,0.3,0.1,7,1.0,1.0,0.5,0.8125
8,0.3,0.1,8,1.0,1.0,1.0,1.0
8,0.3,0.1,9,0.5,0.9375,0.5,0.6875
8,0.3,0.1,10,1.0,1.0,0.0,0.8125
8,0.3,0.1,11,1.0,1.0,0.0,0.75
8,0.3,0.1,12,1.0,1.0,0.0,0.6875
8,0.3,0.1,13,0.0,0.875,0.5,0.625
8,0.3,0.1,14,1.0,1.0,0.5,0.6875
8,0.3,0.1,15,1.0,1.0,0.0,0.6875
8,0.3,0.1,16,1.0,1.0,1.0,1.0
8,0.3,0.1,17,0.5,0.6875,0.0,0.625
8,0.3,0.1,18,0.5,0.8125,0.5,0.75
8,0.3,0.1,19,1.0,1.0,0.5,0.75
8,0.3,0.1,20,1.0,1.0,0.5,0.875
8,0.3,0.1,21,1.0,1.0,1.0,1.0
8,0.3,0.1,22,0.5,0.875,0.5,0.875
8,0.3,0.1,23,1.0,1.0,0.0,0.4375
8,0.3,0.1,24,1.0,1.0,0.5,0.9375
8,0.3,0.1,25,1.0,1.0,1.0,1.0
8,0.3,0.1,26,1.0,1.0,0.0,0.5625
8,0.3,0.1,27,1.0,1.0,0.0,0.625
8,0.3,0.1,28,1.0,1.0,0.5,0.6875
8,0.3,0.1,29,1.0,1.0,1.0,1.0
8,0.3,0.2,0,0.5,0.875,0.5,0.875
8,0.3,0.2,1,1.0,1.0,0.0,0.75
8,0.3,0.2,2,0.0,0.75,0.0,0.5
8,0.3,0.2,3,0.5,0.6875,0.0,0.5625
8,0.3,0.2,4,0.5,0.9375,0.5,0.75
8,0.3,0.2,5,0.5,0.75,0.0,0.6875
8,0.3,0.2,6,1.0,1.0,0.0,0.4375
8,0.3,0.2,7,1.0,1.0,0.0,0.375
8,0.3,0.2,8,1.0,1.0,0.0,0.8125
8,0.3,0.2,9,0.5,0.875,0.5,0.6875
8,0.3,0.2,10,0.5,0.875,0.0,0.6875
8,0.3,0.2,11,0.0,0.75,0.0,0.75
8,0.3,0.2,12,0.5,0.75,0.0,0.5625
8,0.3,0.2,13,0.0,0.875,0.0,0.375
8,0.3,0.2,14,1.0,1.0,0.5,0.6875
8,0.3,0.2,15,1.0,1.0,0.0,0.625
8,0.3,0.2,16,0.5,0.875,0.0,0.5625
8,0.3,0.2,17,0.5,0.6875,0.0,0.625
8,0.3,0.2,18,0.0,0.75,0.5,0.8125
8,0.3,0.2,19,0.5,0.9375,0.5,0.875
8,0.3,0.2,20,0.5,0.8125,0.0,0.8125
8,0.3,0.2,21,0.5,0.875,0.0,0.5
8,0.3,0.2,22,0.5,0.875,0.0,0.6875
8,0.3,0.2,23,1.0,1.0,0.0,0.3125
8,0.3,0.2,24,0.5,0.9375,0.0,0.75
8,0.3,0.2,25,1.0,1.0,0.0,0.75
8,0.3,0.2,26,1.0,1.0,0.0,0.3125
8,0.3,0.2,27,0.5,0.5625,0.0,0.75
8,0.3,0.2,28,0.5,0.875,0.0,0.5625
8,0.3,0.2,29,1.0,1.0,0.5,0.875
8,0.4,0.1,0,0.3333333333333333,0.7083333333333334,1.0,1.0
8,0.4,0.1,1,0.3333333333333333,0.9166666666666666,0.3333333333333333,0.7916666666666666
8,0.4,0.1,2,0.6666666666666666,0.9583333333333334,0.0,0.5416666666666666
8,0.4,0.1,3,0.6666666666666666,0.9583333333333334,0.3333333333333333,0.7916666666666666
8,0.4,0.1,4,0.3333333333333333,0.875,1.0,1.0
8,0.4,0.1,5,0.6666666666666666,0.9583333333333334,0.3333333333333333,0.6666666666666666
8,0.4,0.1,6,1.0,1.0,0.6666666666666666,0.9583333333333334
8,0.4,0.1,7,0.3333333333333333,0.875,0.3333333333333333,0.875
8,0.4,0.1,8,0.6666666666666666,0.9583333333333334,0.3333333333333333,0.875
8,0.4,0.1,9,0.6666666666666666,0.9583333333333334,0.3333333333333333,0.7083333333333334
8,0.4,0.1,10,0.3333333333333333,0.8333333333333334,0.3333333333333333,0.75
8,0.4,0.1,11,0.6666666666666666,0.9166666666666666,0.3333333333333333,0.75
8,0.4,0.1,12,0.6666666666666666,0.9583333333333334,0.3333333333333333,0.7916666666666666
8,0.4,0.1,13,0.6666666666666666,0.875,0.6666666666666666,0.9166666666666666
8,0.4,0.1,14,0.6666666666666666,0.9583333333333334,0.3333333333333333,0.7083333333333334
8,0.4,0.1,15,0.6666666666666666,0.7916666666666666,0.3333333333333333,0.75
8,0.4,0.1,16,0.3333333333333333,0.875,0.3333333333333333,0.7916666666666666
8,0.4,0.1,17,1.0,1.0,0.0,0.5416666666666666
8,0.4,0.1,18,1.0,1.0,0.6666666666666666,0.8333333333333334
8,0.4,0.1,19,0.0,0.8333333333333334,0.3333333333333333,0.7916666666666666
8,0.4,0.1,20,0.3333333333333333,0.875,0.0,0.625
8,0.4,0.1,21,1.0,1.0,0.6666666666666666,0.9583333333333334
8,0.4,0.1,22,0.6666666666666666,0.9583333333333334,0.0,0.625
8,0.4,0.1,23,0.6666666666666666,0.9583333333333334,1.0,1.0
8,0.4,0.1,24,0.6666666666666666,0.9583333333333334,0.0,0.7083333333333334
8,0.4,0.1,25,1.0,1.0,0.3333333333333333,0.875
8,0.4,0.1,26,1.0,1.0,0.3333333333333333,0.75
8,0.4,0.1,27,0.6666666666666666,0.9583333333333334,0.0,0.6666666666666666
8,0.4,0.1,28,0.0,0.7916666666666666,0.6666666666666666,0.8333333333333334
8,0.4,0.1,29,1.0,1.0,0.0,0.625
8,0.4,0.2,0,0.0,0.625,0.0,0.6666666666666666
8,0.4,0.2,1,0.6666666666666666,0.875,0.0,0.5833333333333334
8,0.4,0.2,2,0.3333333333333333,0.7083333333333334,0.0,0.5416666666666666
8,0.4,0.2,3,0.3333333333333333,0.8333333333333334,0.0,0.625
8,0.4,0.2,4,0.0,0.75,0.6666666666666666,0.9583333333333334
8,0.4,0.2,5,0.0,0.6666666666666666,0.0,0.375
8,0.4,0.2,6,0.6666666666666666,0.9166666666666666,0.3333333333333333,0.875
8,0.4,0.2,7,0.3333333333333333,0.875,0.0,0.6666666666666666
8,0.4,0.2,8,0.6666666666666666,0.9166666666666666,0.0,0.7083333333333334
8,0.4,0.2,9,0.3333333333333333,0.9166666666666666,0.0,0.6666666666666666
8,0.4,0.2,10,0.0,0.7916666666666666,0.3333333333333333,0.7083333333333334
8,0.4,0.2,11,0.0,0.7083333333333334,0.0,0.7083333333333334
8,0.4,0.2,12,0.3333333333333333,0.8333333333333334,0.3333333333333333,0.625
8,0.4,0.2,13,0.6666666666666666,0.875,0.6666666666666666,0.9166666666666666
8,0.4,0.2,14,0.3333333333333333,0.8333333333333334,0.3333333333333333,0.625
8,0.4,0.2,15,0.3333333333333333,0.8333333333333334,0.0,0.7083333333333334
8,0.4,0.2,16,0.0,0.7916666666666666,0.0,0.375
8,0.4,0.2,17,0.3333333333333333,0.8333333333333334,0.0,0.3333333333333333
8,0.4,0.2,18,0.6666666666666666,0.875,0.6666666666666666,0.8333333333333334
8,0.4,0.2,19,0.3333333333333333,0.9166666666666666,0.3333333333333333,0.7083333333333334
8,0.4,0.2,20,0.0,0.8333333333333334,0.0,0.5833333333333334
8,0.4,0.2,21,0.3333333333333333,0.875,0.6666666666666666,0.9583333333333334
8,0.4,0.2,22,0.3333333333333333,0.875,0.0,0.5416666666666666
8,0.4,0.2,23,0.3333333333333333,0.7083333333333334,0.6666666666666666,0.8333333333333334
8,0.4,0.2,24,0.6666666666666666,0.9583333333333334,0.0,0.625
8,0.4,0.2,25,1.0,1.0,0.0,0.7916666666666666
8,0.4,0.2,26,0.6666666666666666,0.9583333333333334,0.0,0.5833333333333334
8,0.4,0.2,27,0.3333333333333333,0.8333333333333334,0.0,0.625
8,0.4,0.2,28,0.3333333333333333,0.9166666666666666,0.0,0.5416666666666666
8,0.4,0.2,29,0.6666666666666666,0.9166666666666666,0.0,0.625
8,0.5,0.1,0,0.0,0.71875,0.5,0.75
8,0.5,0.1,1,0.5,0.78125,0.25,0.84375
8,0.5,0.1,2,0.5,0.9375,0.25,0.6875
8,0.5,0.1,3,0.25,0.8125,0.75,0.875
8,0.5,0.1,4,0.25,0.8125,0.25,0.71875
8,0.5,0.1,5,0.25,0.8125,0.5,0.78125
8,0.5,0.1,6,0.25,0.78125,0.0,0.59375
8,0.5,0.1,7,0.75,0.96875,0.25,0.71875
8,0.5,0.1,8,0.25,0.84375,0.5,0.9375
8,0.5,0.1,9,0.5,0.875,0.25,0.78125
8,0.5,0.1,10,0.5,0.90625,0.25,0.71875
8,0.5,0.1,11,0.5,0.875,0.25,0.6875
8,0.5,0.1,12,0.5,0.90625,0.5,0.8125
8,0.5,0.1,13,0.0,0.65625,0.25,0.75
8,0.5,0.1,14,0.5,0.9375,0.25,0.84375
8,0.5,0.1,15,0.5,0.71875,0.25,0.75
8,0.5,0.1,16,0.5,0.75,0.25,0.71875
8,0.5,0.1,17,0.5,0.90625,0.5,0.84375
8,0.5,0.1,18,0.5,0.8125,0.75,0.90625
8,0.5,0.1,19,0.0,0.71875,0.25,0.6875
8,0.5,0.1,20,0.75,0.9375,0.25,0.71875
8,0.5,0.1,21,0.25,0.75,0.75,0.9375
8,0.5,0.1,22,0.5,0.84375,0.5,0.8125
8,0.5,0.1,23,1.0,1.0,0.5,0.75
8,0.5,0.1,24,0.25,0.75,0.75,0.96875
8,0.5,0.1,25,0.25,0.875,0.0,0.65625
8,0.5,0.1,26,0.75,0.90625,0.5,0.78125
8,0.5,0.1,27,0.25,0.78125,0.25,0.75
8,0.5,0.1,28,0.5,0.90625,0.5,0.84375
8,0.5,0.1,29,0.5,0.90625,0.75,0.84375
8,0.5,0.2,0,0.0,0.6875,0.25,0.5625
8,0.5,0.2,1,0.0,0.65625,0.0,0.5625
8,0.5,0.2,2,0.25,0.90625,0.0,0.625
8,0.5,0.2,3,0.25,0.8125,0.25,0.78125
8,0.5,0.2,4,0.25,0.8125,0.25,0.65625
8,0.5,0.2,5,0.25,0.75,0.0,0.65625
8,0.5,0.2,6,0.25,0.78125,0.0,0.5625
8,0.5,0.2,7,0.75,0.96875,0.25,0.6875
8,0.5,0.2,8,0.25,0.875,0.0,0.6875
8,0.5,0.2,9,0.0,0.78125,0.0,0.78125
8,0.5,0.2,10,0.25,0.78125,0.25,0.71875
8,0.5,0.2,11,0.5,0.90625,0.25,0.625
8,0.5,0.2,12,0.5,0.78125,0.5,0.78125
8,0.5,0.2,13,0.0,0.65625,0.0,0.59375
8,0.5,0.2,14,0.0,0.78125,0.0,0.65625
8,0.5,0.2,15,0.5,0.6875,0.25,0.65625
8,0.5,0.2,16,0.0,0.65625,0.0,0.65625
8,0.5,0.2,17,0.25,0.75,0.25,0.78125
8,0.5,0.2,18,0.5,0.8125,0.75,0.875
8,0.5,0.2,19,0.0,0.71875,0.0,0.65625
8,0.5,0.2,20,0.5,0.90625,0.0,0.65625
8,0.5,0.2,21,0.25,0.75,0.0,0.75
8,0.5,0.2,22,0.25,0.6875,0.0,0.59375
8,0.5,0.2,23,1.0,1.0,0.0,0.65625
8,0.5,0.2,24,0.25,0.78125,0.25,0.71875
8,0.5,0.2,25,0.25,0.875,0.0,0.5625
8,0.5,0.2,26,0.25,0.84375,0.0,0.625
8,0.5,0.2,27,0.25,0.53125,0.25,0.6875
8,0.5,0.2,28,0.0,0.78125,0.25,0.6875
8,0.5,0.2,29,0.25,0.78125,0.5,0.78125
12,0.2,0.1,0,1.0,1.0,0.5,0.75
12,0.2,0.1,1,1.0,1.0,0.5,0.7916666666666667
12,0.2,0.1,2,1.0,1.0,0.5,0.8333333333333333
12,0.2,0.1,3,1.0,1.0,1.0,1.0
12,0.2,0.1,4,1.0,1.0,0.0,0.75
12,0.2,0.1,5,1.0,1.0,0.0,0.7916666666666666
12,0.2,0.1,6,1.0,1.0,0.5,0.75
12,0.2,0.1,7,1.0,1.0,0.0,0.7083333333333333
12,0.2,0.1,8,1.0,1.0,0.0,0.6666666666666667
12,0.2,0.1,9,1.0,1.0,0.0,0.5833333333333333
12,0.2,0.1,10,1.0,1.0,0.0,0.7916666666666667
12,0.2,0.1,11,1.0,1.0,0.0,0.75
12,0.2,0.1,12,1.0,1.0,0.5,0.875
12,0.2,0.1,13,0.5,0.875,1.0,1.0
12,0.2,0.1,14,0.5,0.9166666666666667,1.0,1.0
12,0.2,0.1,15,1.0,1.0,1.0,1.0
12,0.2,0.1,16,0.5,0.8333333333333333,0.5,0.9166666666666667
12,0.2,0.1,17,1.0,1.0,0.0,0.6666666666666667
12,0.2,0.1,18,1.0,1.0,0.0,0.7083333333333333
12,0.2,0.1,19,1.0,1.0,0.5,0.9583333333333333
12,0.2,0.1,20,1.0,1.0,0.0,0.5
12,0.2,0.1,21,1.0,1.0,0.5,0.9166666666666667
12,0.2,0.1,22,1.0,1.0,1.0,1.0
12,0.2,0.1,23,1.0,1.0,0.5,0.8333333333333333
12,0.2,0.1,24,1.0,1.0,0.0,0.5833333333333334
12,0.2,0.1,25,1.0,1.0,0.5,0.7916666666666667
12,0.2,0.1,26,1.0,1.0,0.0,0.45833333333333337
12,0.2,0.1,27,1.0,1.0,0.0,0.7916666666666667
12,0.2,0.1,28,1.0,1.0,0.0,0.7916666666666666
12,0.2,0.1,29,1.0,1.0,0.0,0.5833333333333333
12,0.2,0.2,0,1.0,1.0,0.0,0.625
12,0.2,0.2,1,1.0,1.0,0.0,0.7083333333333334
12,0.2,0.2,2,0.5,0.875,0.5,0.6666666666666666
12,0.2,0.2,3,1.0,1.0,0.5,0.7083333333333334
12,0.2,0.2,4,0.5,0.875,0.0,0.5833333333333334
12,0.2,0.2,5,0.5,0.9166666666666667,0.0,0.75
12,0.2,0.2,6,1.0,1.0,0.0,0.625
12,0.2,0.2,7,1.0,1.0,0.0,0.5833333333333334
12,0.2,0.2,8,0.5,0.9166666666666667,0.0,0.7083333333333333
12,0.2,0.2,9,1.0,1.0,0.0,0.6666666666666666
12,0.2,0.2,10,1.0,1.0,0.0,0.6666666666666666
12,0.2,0.2,11,1.0,1.0,0.0,0.5
12,0.2,0.2,12,0.5,0.8333333333333333,0.0,0.45833333333333337
12,0.2,0.2,13,0.5,0.875,0.5,0.7916666666666667
12,0.2,0.2,14,0.5,0.8333333333333333,0.5,0.875
12,0.2,0.2,15,1.0,1.0,0.5,0.875
12,0.2,0.2,16,0.0,0.75,0.0,0.5833333333333333
12,0.2,0.2,17,0.5,0.7083333333333334,0.0,0.45833333333333337
12,0.2,0.2,18,1.0,1.0,0.0,0.6666666666666667
12,0.2,0.2,19,1.0,1.0,0.0,0.75
12,0.2,0.2,20,0.5,0.875,0.0,0.5
12,0.2,0.2,21,1.0,1.0,0.0,0.5833333333333334
12,0.2,0.2,22,1.0,1.0,0.0,0.5
12,0.2,0.2,23,0.5,0.9166666666666667,0.0,0.5416666666666666
12,0.2,0.2,24,1.0,1.0,0.0,0.5
12,0.2,0.2,25,1.0,1.0,0.0,0.7083333333333334
12,0.2,0.2,26,1.0,1.0,0.0,0.45833333333333337
12,0.2,0.2,27,0.5,0.9166666666666667,0.0,0.75
12,0.2,0.2,28,1.0,1.0,0.5,0.5833333333333334
12,0.2,0.2,29,1.0,1.0,0.0,0.6666666666666666
12,0.3,0.1,0,1.0,1.0,0.6666666666666666,0.9444444444444445
12,0.3,0.1,1,1.0,1.0,0.0,0.6388888888888888
12,0.3,0.1,2,1.0,1.0,0.0,0.6388888888888888
12,0.3,0.1,3,0.3333333333333333,0.7777777777777777,0.0,0.6111111111111112
12,0.3,0.1,4,0.6666666666666666,0.9722222222222222,0.0,0.8055555555555555
12,0.3,0.1,5,0.6666666666666666,0.9444444444444445,0.0,0.6944444444444443
12,0.3,0.1,6,1.0,1.0,0.0,0.7777777777777777
12,0.3,0.1,7,1.0,1.0,0.0,0.8333333333333334
12,0.3,0.1,8,1.0,1.0,0.3333333333333333,0.861111111111111
12,0.3,0.1,9,1.0,1.0,0.0,0.6944444444444443
12,0.3,0.1,10,1.0,1.0,0.3333333333333333,0.7777777777777778
12,0.3,0.1,11,0.6666666666666666,0.9444444444444445,0.6666666666666666,0.9722222222222222
12,0.3,0.1,12,0.6666666666666666,0.9722222222222222,0.3333333333333333,0.8333333333333334
12,0.3,0.1,13,0.3333333333333333,0.8888888888888888,0.6666666666666666,0.8611111111111112
12,0.3,0.1,14,1.0,1.0,0.0,0.7222222222222223
12,0.3,0.1,15,1.0,1.0,0.6666666666666666,0.7777777777777777
12,0.3,0.1,16,1.0,1.0,0.0,0.7222222222222222
12,0.3,0.1,17,1.0,1.0,0.3333333333333333,0.7777777777777777
12,0.3,0.1,18,1.0,1.0,0.0,0.8333333333333334
12,0.3,0.1,19,0.6666666666666666,0.9166666666666666,0.3333333333333333,0.8333333333333334
12,0.3,0.1,20,1.0,1.0,0.0,0.5833333333333334
12,0.3,0.1,21,1.0,1.0,0.3333333333333333,0.8055555555555557
12,0.3,0.1,22,0.6666666666666666,0.9722222222222222,0.3333333333333333,0.8888888888888888
12,0.3,0.1,23,1.0,1.0,0.3333333333333333,0.7777777777777778
12,0.3,0.1,24,1.0,1.0,0.3333333333333333,0.861111111111111
12,0.3,0.1,25,1.0,1.0,0.3333333333333333,0.75
12,0.3,0.1,26,1.0,1.0,0.3333333333333333,0.75
12,0.3,0.1,27,1.0,1.0,0.0,0.6944444444444445
12,0.3,0.1,28,1.0,1.0,0.6666666666666666,0.9444444444444445
12,0.3,0.1,29,0.6666666666666666,0.9722222222222222,0.6666666666666666,0.8333333333333334
12,0.3,0.2,0,0.6666666666666666,0.9444444444444445,0.0,0.8333333333333334
12,0.3,0.2,1,0.6666666666666666,0.8888888888888888,0.0,0.6388888888888888
12,0.3,0.2,2,0.6666666666666666,0.8611111111111112,0.0,0.5555555555555556
12,0.3,0.2,3,0.3333333333333333,0.7777777777777777,0.0,0.5833333333333334
12,0.3,0.2,4,0.6666666666666666,0.8611111111111112,0.0,0.4444444444444444
12,0.3,0.2,5,0.3333333333333333,0.888888888888889,0.0,0.6944444444444443
12,0.3,0.2,6,1.0,1.0,0.0,0.6666666666666666
12,0.3,0.2,7,1.0,1.0,0.0,0.75
12,0.3,0.2,8,0.6666666666666666,0.9166666666666666,0.0,0.6944444444444445
12,0.3,0.2,9,0.6666666666666666,0.9722222222222222,0.0,0.611111111111111
12,0.3,0.2,10,0.6666666666666666,0.9166666666666666,0.0,0.7222222222222223
12,0.3,0.2,11,0.6666666666666666,0.8611111111111112,0.0,0.75
12,0.3,0.2,12,0.3333333333333333,0.8611111111111112,0.0,0.5277777777777778
12,0.3,0.2,13,0.3333333333333333,0.8888888888888888,0.0,0.6111111111111112
12,0.3,0.2,14,0.6666666666666666,0.8888888888888888,0.0,0.5277777777777778
12,0.3,0.2,15,0.3333333333333333,0.638888888888889,0.6666666666666666,0.75
12,0.3,0.2,16,1.0,1.0,0.0,0.6111111111111112
12,0.3,0.2,17,0.3333333333333333,0.6944444444444445,0.0,0.6111111111111112
12,0.3,0.2,18,0.6666666666666666,0.9166666666666666,0.0,0.6111111111111112
12,0.3,0.2,19,0.3333333333333333,0.6944444444444445,0.0,0.7777777777777778
12,0.3,0.2,20,1.0,1.0,0.0,0.5833333333333334
12,0.3,0.2,21,1.0,1.0,0.0,0.611111111111111
12,0.3,0.2,22,0.3333333333333333,0.8333333333333334,0.0,0.7777777777777777
12,0.3,0.2,23,0.3333333333333333,0.7777777777777777,0.0,0.6666666666666666
12,0.3,0.2,24,0.6666666666666666,0.8611111111111112,0.0,0.75
12,0.3,0.2,25,1.0,1.0,0.0,0.6111111111111112
12,0.3,0.2,26,1.0,1.0,0.0,0.5833333333333334
12,0.3,0.2,27,0.3333333333333333,0.7777777777777778,0.0,0.6944444444444445
12,0.3,0.2,28,0.6666666666666666,0.8611111111111112,0.0,0.6666666666666666
12,0.3,0.2,29,0.3333333333333333,0.9444444444444443,0.3333333333333333,0.8055555555555555
12,0.4,0.1,0,0.5,0.9166666666666666,0.25,0.7291666666666667
12,0.4,0.1,1,0.25,0.8125,0.25,0.8541666666666666
12,0.4,0.1,2,0.75,0.9375,0.25,0.8333333333333334
12,0.4,0.1,3,0.75,0.9166666666666666,0.25,0.75
12,0.4,0.1,4,0.5,0.9583333333333333,0.25,0.7708333333333334
12,0.4,0.1,5,0.5,0.9166666666666666,0.0,0.6666666666666666
12,0.4,0.1,6,0.75,0.9583333333333334,0.25,0.8125
12,0.4,0.1,7,0.75,0.9583333333333334,0.25,0.7291666666666666
12,0.4,0.1,8,0.5,0.8958333333333334,0.5,0.9166666666666666
12,0.4,0.1,9,0.75,0.8958333333333334,0.25,0.7708333333333333
12,0.4,0.1,10,0.75,0.9583333333333334,0.25,0.6666666666666666
12,0.4,0.1,11,0.0,0.7708333333333333,1.0,1.0
12,0.4,0.1,12,0.75,0.8958333333333334,0.25,0.75
12,0.4,0.1,13,0.25,0.75,0.0,0.8333333333333334
12,0.4,0.1,14,0.5,0.8958333333333333,0.25,0.6666666666666666
12,0.4,0.1,15,0.5,0.8958333333333334,0.0,0.7708333333333334
12,0.4,0.1,16,0.0,0.8124999999999999,0.0,0.6041666666666667
12,0.4,0.1,17,0.75,0.9375,0.25,0.8125
12,0.4,0.1,18,0.5,0.9583333333333333,0.0,0.7708333333333334
12,0.4,0.1,19,0.5,0.8125000000000001,0.25,0.7083333333333334
12,0.4,0.1,20,1.0,1.0,0.25,0.7291666666666667
12,0.4,0.1,21,1.0,1.0,0.0,0.7083333333333334
12,0.4,0.1,22,0.75,0.9791666666666666,0.25,0.9374999999999999
12,0.4,0.1,23,1.0,1.0,0.25,0.75
12,0.4,0.1,24,1.0,1.0,0.25,0.6666666666666666
12,0.4,0.1,25,0.25,0.9166666666666666,0.5,0.7916666666666666
12,0.4,0.1,26,0.25,0.8124999999999999,0.25,0.7916666666666666
12,0.4,0.1,27,0.25,0.875,0.0,0.6875
12,0.4,0.1,28,0.5,0.9375,0.5,0.7916666666666666
12,0.4,0.1,29,0.25,0.7916666666666666,0.25,0.7708333333333334
12,0.4,0.2,0,0.0,0.625,0.0,0.6458333333333334
12,0.4,0.2,1,0.25,0.8125,0.0,0.7708333333333334
12,0.4,0.2,2,0.25,0.8125,0.0,0.6666666666666666
12,0.4,0.2,3,0.75,0.9166666666666666,0.0,0.5625
12,0.4,0.2,4,0.25,0.8541666666666666,0.0,0.6666666666666666
12,0.4,0.2,5,0.25,0.8333333333333333,0.0,0.5208333333333334
12,0.4,0.2,6,0.5,0.8541666666666667,0.25,0.8333333333333334
12,0.4,0.2,7,0.0,0.7083333333333334,0.0,0.6041666666666666
12,0.4,0.2,8,0.5,0.8958333333333334,0.0,0.625
12,0.4,0.2,9,0.25,0.8541666666666666,0.0,0.625
12,0.4,0.2,10,0.5,0.875,0.0,0.375
12,0.4,0.2,11,0.0,0.7708333333333333,0.25,0.8333333333333334
12,0.4,0.2,12,0.75,0.8958333333333334,0.0,0.6041666666666667
12,0.4,0.2,13,0.0,0.625,0.0,0.6875
12,0.4,0.2,14,0.25,0.75,0.25,0.5833333333333334
12,0.4,0.2,15,0.5,0.8541666666666667,0.0,0.7708333333333334
12,0.4,0.2,16,0.0,0.8333333333333333,0.0,0.6041666666666666
12,0.4,0.2,17,0.0,0.6041666666666666,0.0,0.7291666666666667
12,0.4,0.2,18,0.25,0.8333333333333333,0.0,0.5833333333333334
12,0.4,0.2,19,0.25,0.7083333333333334,0.0,0.5208333333333334
12,0.4,0.2,20,0.75,0.9791666666666666,0.25,0.625
12,0.4,0.2,21,0.5,0.9375,0.0,0.6666666666666666
12,0.4,0.2,22,0.25,0.7291666666666666,0.25,0.7291666666666666
12,0.4,0.2,23,0.5,0.8958333333333334,0.0,0.6041666666666666
12,0.4,0.2,24,1.0,1.0,0.0,0.41666666666666663
12,0.4,0.2,25,0.25,0.9166666666666666,0.0,0.7083333333333333
12,0.4,0.2,26,0.25,0.8124999999999999,0.0,0.6041666666666667
12,0.4,0.2,27,0.25,0.8541666666666666,0.0,0.6875
12,0.4,0.2,28,0.25,0.8125,0.25,0.7708333333333334
12,0.4,0.2,29,0.25,0.7916666666666666,0.0,0.7083333333333334
12,0.5,0.1,0,0.0,0.8194444444444445,0.16666666666666666,0.75
12,0.5,0.1,1,0.3333333333333333,0.8749999999999999,0.3333333333333333,0.7916666666666666
12,0.5,0.1,2,0.3333333333333333,0.875,0.0,0.6666666666666666
12,0.5,0.1,3,0.3333333333333333,0.7916666666666666,0.16666666666666666,0.6944444444444445
12,0.5,0.1,4,0.3333333333333333,0.8472222222222223,0.3333333333333333,0.6944444444444443
12,0.5,0.1,5,0.16666666666666666,0.6805555555555555,0.16666666666666666,0.638888888888889
12,0.5,0.1,6,0.3333333333333333,0.9027777777777777,0.0,0.625
12,0.5,0.1,7,0.16666666666666666,0.8194444444444445,0.16666666666666666,0.75
12,0.5,0.1,8,0.5,0.9166666666666666,0.0,0.625
12,0.5,0.1,9,0.0,0.8055555555555555,0.0,0.6666666666666666
12,0.5,0.1,10,0.0,0.8055555555555555,0.16666666666666666,0.7222222222222223
12,0.5,0.1,11,0.0,0.7777777777777777,0.3333333333333333,0.8611111111111112
12,0.5,0.1,12,0.5,0.8194444444444443,0.16666666666666666,0.6944444444444445
12,0.5,0.1,13,0.3333333333333333,0.8055555555555557,0.0,0.5833333333333333
12,0.5,0.1,14,0.16666666666666666,0.8194444444444445,0.3333333333333333,0.8333333333333334
12,0.5,0.1,15,0.16666666666666666,0.7222222222222223,0.0,0.6111111111111112
12,0.5,0.1,16,0.3333333333333333,0.861111111111111,0.16666666666666666,0.7361111111111112
12,0.5,0.1,17,0.0,0.6805555555555557,0.3333333333333333,0.7916666666666666
12,0.5,0.1,18,0.16666666666666666,0.7916666666666666,0.16666666666666666,0.7222222222222222
12,0.5,0.1,19,0.16666666666666666,0.75,0.0,0.5416666666666666
12,0.5,0.1,20,0.3333333333333333,0.9027777777777778,0.16666666666666666,0.6805555555555555
12,0.5,0.1,21,0.3333333333333333,0.8749999999999999,0.16666666666666666,0.6805555555555555
12,0.5,0.1,22,0.16666666666666666,0.7222222222222223,0.5,0.8333333333333335
12,0.5,0.1,23,0.3333333333333333,0.7916666666666666,0.3333333333333333,0.736111111111111
12,0.5,0.1,24,0.3333333333333333,0.9305555555555557,0.16666666666666666,0.5555555555555556
12,0.5,0.1,25,0.16666666666666666,0.736111111111111,0.0,0.75
12,0.5,0.1,26,0.3333333333333333,0.8055555555555555,0.0,0.5833333333333334
12,0.5,0.1,27,0.16666666666666666,0.8611111111111112,0.16666666666666666,0.638888888888889
12,0.5,0.1,28,0.3333333333333333,0.9027777777777778,0.3333333333333333,0.875
12,0.5,0.1,29,0.3333333333333333,0.8194444444444443,0.0,0.6666666666666666
12,0.5,0.2,0,0.0,0.6944444444444445,0.0,0.625
12,0.5,0.2,1,0.16666666666666666,0.7916666666666665,0.0,0.6805555555555555
12,0.5,0.2,2,0.0,0.8194444444444445,0.0,0.625
12,0.5,0.2,3,0.3333333333333333,0.7222222222222222,0.0,0.625
12,0.5,0.2,4,0.0,0.763888888888889,0.0,0.6805555555555555
12,0.5,0.2,5,0.16666666666666666,0.6527777777777778,0.0,0.5277777777777778
12,0.5,0.2,6,0.0,0.8194444444444445,0.0,0.6805555555555557
12,0.5,0.2,7,0.16666666666666666,0.8194444444444445,0.16666666666666666,0.6388888888888888
12,0.5,0.2,8,0.16666666666666666,0.8333333333333334,0.0,0.4583333333333333
12,0.5,0.2,9,0.0,0.763888888888889,0.0,0.6666666666666666
12,0.5,0.2,10,0.0,0.8194444444444443,0.0,0.4305555555555556
12,0.5,0.2,11,0.0,0.736111111111111,0.0,0.6527777777777778
12,0.5,0.2,12,0.3333333333333333,0.736111111111111,0.0,0.5277777777777778
12,0.5,0.2,13,0.16666666666666666,0.6250000000000001,0.0,0.5416666666666666
12,0.5,0.2,14,0.0,0.6805555555555557,0.0,0.611111111111111
12,0.5,0.2,15,0.16666666666666666,0.7222222222222223,0.0,0.5833333333333334
12,0.5,0.2,16,0.16666666666666666,0.8749999999999999,0.0,0.5833333333333334
12,0.5,0.2,17,0.0,0.6527777777777778,0.0,0.6944444444444445
12,0.5,0.2,18,0.16666666666666666,0.7916666666666666,0.0,0.5694444444444444
12,0.5,0.2,19,0.16666666666666666,0.75,0.0,0.4444444444444445
12,0.5,0.2,20,0.0,0.8055555555555555,0.16666666666666666,0.6527777777777778
12,0.5,0.2,21,0.16666666666666666,0.7916666666666666,0.0,0.611111111111111
12,0.5,0.2,22,0.0,0.6805555555555557,0.0,0.638888888888889
12,0.5,0.2,23,0.16666666666666666,0.7361111111111112,0.16666666666666666,0.6805555555555557
12,0.5,0.2,24,0.16666666666666666,0.8194444444444445,0.0,0.4166666666666667
12,0.5,0.2,25,0.16666666666666666,0.6666666666666666,0.0,0.7361111111111112
12,0.5,0.2,26,0.16666666666666666,0.7222222222222222,0.0,0.5555555555555555
12,0.5,0.2,27,0.0,0.8194444444444445,0.0,0.5555555555555556
12,0.5,0.2,28,0.16666666666666666,0.8055555555555555,0.16666666666666666,0.6666666666666666
12,0.5,0.2,29,0.16666666666666666,0.7222222222222222,0.0,0.6666666666666666
16,0.2,0.1,0,0.6666666666666666,0.9791666666666666,0.0,0.7083333333333334
16,0.2,0.1,1,0.6666666666666666,0.9791666666666666,0.3333333333333333,0.9375
16,0.2,0.1,2,1.0,1.0,0.0,0.6666666666666666
16,0.2,0.1,3,0.3333333333333333,0.9166666666666666,0.0,0.6458333333333334
16,0.2,0.1,4,1.0,1.0,0.3333333333333333,0.7708333333333334
16,0.2,0.1,5,0.3333333333333333,0.7916666666666666,0.0,0.6875
16,0.2,0.1,6,1.0,1.0,0.0,0.6875
16,0.2,0.1,7,1.0,1.0,0.6666666666666666,0.8333333333333334
16,0.2,0.1,8,1.0,1.0,0.3333333333333333,0.75
16,0.2,0.1,9,1.0,1.0,0.3333333333333333,0.875
16,0.2,0.1,10,1.0,1.0,0.0,0.625
16,0.2,0.1,11,1.0,1.0,0.3333333333333333,0.8333333333333334
16,0.2,0.1,12,1.0,1.0,0.6666666666666666,0.8333333333333334
16,0.2,0.1,13,0.6666666666666666,0.9375,0.0,0.6041666666666666
16,0.2,0.1,14,1.0,1.0,0.3333333333333333,0.7708333333333334
16,0.2,0.1,15,0.6666666666666666,0.9583333333333334,0.0,0.7916666666666666
16,0.2,0.1,16,0.6666666666666666,0.9791666666666666,0.0,0.6458333333333334
16,0.2,0.1,17,0.6666666666666666,0.9583333333333334,0.3333333333333333,0.8958333333333334
16,0.2,0.1,18,1.0,1.0,0.3333333333333333,0.6875
16,0.2,0.1,19,1.0,1.0,0.0,0.6041666666666666
16,0.2,0.1,20,1.0,1.0,0.0,0.6458333333333334
16,0.2,0.1,21,0.6666666666666666,0.9791666666666666,0.0,0.7916666666666666
16,0.2,0.1,22,0.6666666666666666,0.9583333333333334,0.0,0.875
16,0.2,0.1,23,1.0,1.0,0.0,0.6875
16,0.2,0.1,24,1.0,1.0,0.0,0.4166666666666667
16,0.2,0.1,25,1.0,1.0,0.0,0.6041666666666666
16,0.2,0.1,26,1.0,1.0,0.0,0.7083333333333334
16,0.2,0.1,27,0.3333333333333333,0.8541666666666666,0.0,0.7916666666666666
16,0.2,0.1,28,0.6666666666666666,0.9791666666666666,0.0,0.6875
16,0.2,0.1,29,1.0,1.0,0.0,0.7291666666666666
16,0.2,0.2,0,0.0,0.8333333333333334,0.0,0.6875
16,0.2,0.2,1,0.3333333333333333,0.8958333333333334,0.0,0.5625
16,0.2,0.2,2,0.6666666666666666,0.9791666666666666,0.0,0.5208333333333334
16,0.2,0.2,3,0.3333333333333333,0.9166666666666666,0.0,0.7083333333333334
16,0.2,0.2,4,0.6666666666666666,0.8958333333333334,0.0,0.5625
16,0.2,0.2,5,0.6666666666666666,0.9166666666666666,0.0,0.625
16,0.2,0.2,6,1.0,1.0,0.0,0.6666666666666666
16,0.2,0.2,7,1.0,1.0,0.3333333333333333,0.6458333333333334
16,0.2,0.2,8,0.6666666666666666,0.8541666666666666,0.0,0.6875
16,0.2,0.2,9,0.6666666666666666,0.8541666666666666,0.0,0.7083333333333334
16,0.2,0.2,10,1.0,1.0,0.0,0.3958333333333333
16,0.2,0.2,11,1.0,1.0,0.3333333333333333,0.7708333333333334
16,0.2,0.2,12,1.0,1.0,0.0,0.5416666666666666
16,0.2,0.2,13,0.3333333333333333,0.8333333333333334,0.0,0.5833333333333334
16,0.2,0.2,14,0.6666666666666666,0.8958333333333334,0.0,0.6875
16,0.2,0.2,15,0.3333333333333333,0.8333333333333334,0.0,0.6666666666666666
16,0.2,0.2,16,0.3333333333333333,0.9166666666666666,0.0,0.6458333333333334
16,0.2,0.2,17,0.0,0.7083333333333334,0.0,0.75
16,0.2,0.2,18,0.6666666666666666,0.7708333333333334,0.0,0.6458333333333334
16,0.2,0.2,19,1.0,1.0,0.0,0.5416666666666666
16,0.2,0.2,20,1.0,1.0,0.0,0.6041666666666666
16,0.2,0.2,21,0.3333333333333333,0.9583333333333334,0.0,0.6458333333333334
16,0.2,0.2,22,0.6666666666666666,0.8958333333333334,0.0,0.5625
16,0.2,0.2,23,0.3333333333333333,0.9583333333333334,0.0,0.5625
16,0.2,0.2,24,0.6666666666666666,0.875,0.0,0.4791666666666667
16,0.2,0.2,25,1.0,1.0,0.0,0.5
16,0.2,0.2,26,0.6666666666666666,0.8958333333333334,0.0,0.6666666666666666
16,0.2,0.2,27,0.0,0.8125,0.0,0.5
16,0.2,0.2,28,0.3333333333333333,0.9166666666666666,0.0,0.75
16,0.2,0.2,29,0.6666666666666666,0.9791666666666666,0.0,0.5625
16,0.3,0.1,0,0.75,0.984375,0.0,0.78125
16,0.3,0.1,1,1.0,1.0,0.0,0.625
16,0.3,0.1,2,0.25,0.875,0.0,0.84375
16,0.3,0.1,3,0.0,0.890625,0.0,0.765625
16,0.3,0.1,4,0.75,0.984375,0.0,0.6875
16,0.3,0.1,5,0.5,0.9375,0.0,0.703125
16,0.3,0.1,6,0.5,0.90625,0.25,0.75
16,0.3,0.1,7,1.0,1.0,0.0,0.671875
16,0.3,0.1,8,0.75,0.984375,0.25,0.75
16,0.3,0.1,9,0.75,0.984375,0.0,0.5625
16,0.3,0.1,10,0.25,0.890625,0.0,0.859375
16,0.3,0.1,11,0.0,0.875,0.0,0.59375
16,0.3,0.1,12,0.75,0.9375,0.0,0.640625
16,0.3,0.1,13,1.0,1.0,0.0,0.5625
16,0.3,0.1,14,0.75,0.984375,0.0,0.765625
16,0.3,0.1,15,1.0,1.0,0.0,0.6875
16,0.3,0.1,16,0.25,0.859375,0.0,0.65625
16,0.3,0.1,17,0.75,0.96875,0.25,0.75
16,0.3,0.1,18,0.25,0.84375,0.0,0.65625
16,0.3,0.1,19,1.0,1.0,0.0,0.609375
16,0.3,0.1,20,1.0,1.0,0.0,0.609375
16,0.3,0.1,21,0.5,0.953125,0.0,0.671875
16,0.3,0.1,22,0.5,0.90625,0.0,0.75
16,0.3,0.1,23,0.75,0.96875,0.0,0.78125
16,0.3,0.1,24,0.75,0.90625,0.0,0.578125
16,0.3,0.1,25,0.75,0.921875,0.0,0.640625
16,0.3,0.1,26,0.75,0.984375,0.0,0.8125
16,0.3,0.1,27,0.0,0.84375,0.25,0.71875
16,0.3,0.1,28,0.0,0.8125,0.0,0.65625
16,0.3,0.1,29,0.75,0.984375,0.0,0.578125
16,0.3,0.2,0,0.5,0.921875,0.0,0.671875
16,0.3,0.2,1,0.5,0.9375,0.0,0.5625
16,0.3,0.2,2,0.25,0.875,0.0,0.75
16,0.3,0.2,3,0.0,0.875,0.0,0.640625
16,0.3,0.2,4,0.75,0.984375,0.0,0.578125
16,0.3,0.2,5,0.25,0.875,0.0,0.484375
16,0.3,0.2,6,0.5,0.953125,0.25,0.6875
16,0.3,0.2,7,0.75,0.859375,0.0,0.5
16,0.3,0.2,8,0.75,0.984375,0.25,0.640625
16,0.3,0.2,9,0.5,0.9375,0.0,0.609375
16,0.3,0.2,10,0.0,0.796875,0.0,0.703125
16,0.3,0.2,11,0.0,0.875,0.0,0.59375
16,0.3,0.2,12,0.75,0.9375,0.0,0.65625
16,0.3,0.2,13,0.75,0.875,0.0,0.609375
16,0.3,0.2,14,0.5,0.921875,0.0,0.671875
16,0.3,0.2,15,0.5,0.84375,0.0,0.609375
16,0.3,0.2,16,0.25,0.859375,0.0,0.671875
16,0.3,0.2,17,0.5,0.859375,0.25,0.65625
16,0.3,0.2,18,0.25,0.84375,0.25,0.59375
16,0.3,0.2,19,0.25,0.859375,0.0,0.40625
16,0.3,0.2,20,0.75,0.890625,0.0,0.65625
16,0.3,0.2,21,0.25,0.84375,0.0,0.578125
16,0.3,0.2,22,0.0,0.609375,0.0,0.609375
16,0.3,0.2,23,0.25,0.765625,0.0,0.5625
16,0.3,0.2,24,0.5,0.765625,0.0,0.53125
16,0.3,0.2,25,0.5,0.78125,0.0,0.671875
16,0.3,0.2,26,0.5,0.859375,0.0,0.796875
16,0.3,0.2,27,0.25,0.890625,0.0,0.671875
16,0.3,0.2,28,0.0,0.8125,0.0,0.53125
16,0.3,0.2,29,0.75,0.953125,0.0,0.40625
16,0.4,0.1,0,0.16666666666666666,0.8541666666666666,0.0,0.6875
16,0.4,0.1,1,0.3333333333333333,0.8541666666666666,0.16666666666666666,0.7916666666666666
16,0.4,0.1,2,0.0,0.7083333333333334,0.0,0.6666666666666666
16,0.4,0.1,3,0.0,0.7916666666666666,0.0,0.6041666666666666
16,0.4,0.1,4,0.3333333333333333,0.8229166666666666,0.0,0.625
16,0.4,0.1,5,0.3333333333333333,0.9166666666666666,0.16666666666666666,0.71875
16,0.4,0.1,6,0.0,0.78125,0.0,0.6145833333333334
16,0.4,0.1,7,0.6666666666666666,0.9583333333333334,0.16666666666666666,0.8125
16,0.4,0.1,8,0.3333333333333333,0.9270833333333334,0.16666666666666666,0.7291666666666666
16,0.4,0.1,9,0.3333333333333333,0.8541666666666666,0.0,0.6354166666666666
16,0.4,0.1,10,0.5,0.9166666666666666,0.0,0.6875
16,0.4,0.1,11,0.0,0.8125,0.0,0.71875
16,0.4,0.1,12,0.0,0.8020833333333334,0.0,0.6354166666666666
16,0.4,0.1,13,0.5,0.9375,0.0,0.6770833333333334
16,0.4,0.1,14,0.6666666666666666,0.9270833333333334,0.0,0.625
16,0.4,0.1,15,0.0,0.7604166666666666,0.16666666666666666,0.6875
16,0.4,0.1,16,0.16666666666666666,0.8229166666666666,0.16666666666666666,0.7083333333333334
16,0.4,0.1,17,0.5,0.9583333333333334,0.0,0.6666666666666666
16,0.4,0.1,18,0.0,0.8020833333333334,0.0,0.7708333333333334
16,0.4,0.1,19,0.5,0.875,0.0,0.7395833333333334
16,0.4,0.1,20,0.8333333333333334,0.9895833333333334,0.0,0.6770833333333334
16,0.4,0.1,21,0.0,0.75,0.0,0.6979166666666666
16,0.4,0.1,22,0.3333333333333333,0.8854166666666666,0.0,0.71875
16,0.4,0.1,23,0.5,0.9166666666666666,0.0,0.75
16,0.4,0.1,24,0.3333333333333333,0.8645833333333334,0.0,0.7083333333333334
16,0.4,0.1,25,0.3333333333333333,0.875,0.0,0.6145833333333334
16,0.4,0.1,26,0.16666666666666666,0.8333333333333334,0.0,0.75
16,0.4,0.1,27,0.16666666666666666,0.78125,0.0,0.6875
16,0.4,0.1,28,0.0,0.8125,0.0,0.5625
16,0.4,0.1,29,0.16666666666666666,0.8645833333333334,0.16666666666666666,0.71875
16,0.4,0.2,0,0.0,0.7395833333333334,0.0,0.625
16,0.4,0.2,1,0.16666666666666666,0.6875,0.16666666666666666,0.7291666666666666
16,0.4,0.2,2,0.0,0.7083333333333334,0.0,0.65625
16,0.4,0.2,3,0.0,0.75,0.0,0.5416666666666666
16,0.4,0.2,4,0.16666666666666666,0.7916666666666666,0.0,0.59375
16,0.4,0.2,5,0.16666666666666666,0.8333333333333334,0.0,0.5104166666666666
16,0.4,0.2,6,0.0,0.8020833333333334,0.0,0.5833333333333334
16,0.4,0.2,7,0.16666666666666666,0.7083333333333334,0.16666666666666666,0.625
16,0.4,0.2,8,0.16666666666666666,0.8645833333333334,0.16666666666666666,0.6458333333333334
16,0.4,0.2,9,0.3333333333333333,0.7291666666666666,0.0,0.5208333333333334
16,0.4,0.2,10,0.5,0.8125,0.0,0.5833333333333334
16,0.4,0.2,11,0.0,0.8229166666666666,0.0,0.625
16,0.4,0.2,12,0.0,0.7916666666666666,0.0,0.59375
16,0.4,0.2,13,0.16666666666666666,0.71875,0.0,0.625
16,0.4,0.2,14,0.16666666666666666,0.7916666666666666,0.0,0.53125
16,0.4,0.2,15,0.0,0.7604166666666666,0.0,0.5833333333333334
16,0.4,0.2,16,0.16666666666666666,0.8229166666666666,0.0,0.6875
16,0.4,0.2,17,0.16666666666666666,0.875,0.0,0.5729166666666666
16,0.4,0.2,18,0.0,0.8020833333333334,0.0,0.6458333333333334
16,0.4,0.2,19,0.16666666666666666,0.7291666666666666,0.0,0.6145833333333334
16,0.4,0.2,20,0.6666666666666666,0.9791666666666666,0.0,0.59375
16,0.4,0.2,21,0.0,0.7291666666666666,0.0,0.5833333333333334
16,0.4,0.2,22,0.16666666666666666,0.8229166666666666,0.0,0.6875
16,0.4,0.2,23,0.0,0.6666666666666666,0.0,0.6145833333333334
16,0.4,0.2,24,0.0,0.7708333333333334,0.0,0.6666666666666666
16,0.4,0.2,25,0.0,0.75,0.0,0.6770833333333334
16,0.4,0.2,26,0.0,0.7395833333333334,0.0,0.5104166666666666
16,0.4,0.2,27,0.0,0.75,0.0,0.5625
16,0.4,0.2,28,0.0,0.7604166666666666,0.0,0.5625
16,0.4,0.2,29,0.3333333333333333,0.8541666666666666,0.16666666666666666,0.6145833333333334
16,0.5,0.1,0,0.0,0.796875,0.0,0.6171875
16,0.5,0.1,1,0.0,0.7734375,0.0,0.7421875
16,0.5,0.1,2,0.0,0.75,0.0,0.6640625
16,0.5,0.1,3,0.125,0.8203125,0.0,0.6953125
16,0.5,0.1,4,0.0,0.7265625,0.0,0.5703125
16,0.5,0.1,5,0.375,0.828125,0.0,0.5859375
16,0.5,0.1,6,0.0,0.8203125,0.0,0.5078125
16,0.5,0.1,7,0.125,0.8046875,0.0,0.6875
16,0.5,0.1,8,0.25,0.828125,0.0,0.7890625
16,0.5,0.1,9,0.25,0.8515625,0.0,0.6171875
16,0.5,0.1,10,0.125,0.7734375,0.0,0.6875
16,0.5,0.1,11,0.0,0.7578125,0.0,0.6796875
16,0.5,0.1,12,0.0,0.7421875,0.0,0.65625
16,0.5,0.1,13,0.0,0.8125,0.0,0.5546875
16,0.5,0.1,14,0.0,0.7421875,0.0,0.6328125
16,0.5,0.1,15,0.0,0.71875,0.0,0.578125
16,0.5,0.1,16,0.0,0.734375,0.0,0.703125
16,0.5,0.1,17,0.375,0.875,0.0,0.6953125
16,0.5,0.1,18,0.0,0.796875,0.0,0.65625
16,0.5,0.1,19,0.0,0.75,0.0,0.78125
16,0.5,0.1,20,0.125,0.8125,0.0,0.75
16,0.5,0.1,21,0.125,0.75,0.0,0.703125
16,0.5,0.1,22,0.375,0.859375,0.0,0.703125
16,0.5,0.1,23,0.125,0.765625,0.0,0.71875
16,0.5,0.1,24,0.0,0.671875,0.0,0.7109375
16,0.5,0.1,25,0.125,0.8515625,0.0,0.65625
16,0.5,0.1,26,0.125,0.7578125,0.0,0.6484375
16,0.5,0.1,27,0.0,0.7265625,0.0,0.6640625
16,0.5,0.1,28,0.0,0.7421875,0.0,0.75
16,0.5,0.1,29,0.125,0.7421875,0.125,0.7109375
16,0.5,0.2,0,0.0,0.8125,0.0,0.5859375
16,0.5,0.2,1,0.0,0.5859375,0.0,0.6484375
16,0.5,0.2,2,0.0,0.765625,0.0,0.578125
16,0.5,0.2,3,0.0,0.7734375,0.0,0.6015625
16,0.5,0.2,4,0.0,0.640625,0.0,0.5078125
16,0.5,0.2,5,0.25,0.7890625,0.0,0.5703125
16,0.5,0.2,6,0.0,0.75,0.0,0.515625
16,0.5,0.2,7,0.125,0.7578125,0.0,0.5625
16,0.5,0.2,8,0.125,0.765625,0.0,0.765625
16,0.5,0.2,9,0.125,0.7734375,0.0,0.5546875
16,0.5,0.2,10,0.125,0.7421875,0.0,0.5625
16,0.5,0.2,11,0.0,0.75,0.0,0.5703125
16,0.5,0.2,12,0.0,0.6953125,0.0,0.609375
16,0.5,0.2,13,0.0,0.6640625,0.0,0.5078125
16,0.5,0.2,14,0.0,0.7265625,0.0,0.59375
16,0.5,0.2,15,0.0,0.734375,0.0,0.515625
16,0.5,0.2,16,0.0,0.7578125,0.0,0.6171875
16,0.5,0.2,17,0.375,0.875,0.0,0.6953125
16,0.5,0.2,18,0.0,0.78125,0.0,0.5234375
16,0.5,0.2,19,0.0,0.7109375,0.0,0.6171875
16,0.5,0.2,20,0.0,0.7421875,0.0,0.6796875
16,0.5,0.2,21,0.125,0.671875,0.0,0.65625
16,0.5,0.2,22,0.125,0.78125,0.0,0.453125
16,0.5,0.2,23,0.0,0.703125,0.0,0.6484375
16,0.5,0.2,24,0.125,0.7109375,0.0,0.6015625
16,0.5,0.2,25,0.0,0.71875,0.0,0.5859375
16,0.5,0.2,26,0.125,0.75,0.0,0.5625
16,0.5,0.2,27,0.0,0.7265625,0.0,0.5625
16,0.5,0.2,28,0.0,0.6953125,0.0,0.578125
16,0.5,0.2,29,0.0,0.75,0.0,0.640625
