n_bits,m,capacity_ratio,p_value_full_vs_qam,p_value_bit_vs_qam
8,1,0.125,1.0,1.0
8,2,0.25,0.0625,0.0625
8,3,0.375,0.25,0.0625
8,4,0.5,1.0,0.0625
8,5,0.625,0.5,0.125
8,6,0.75,0.625,0.125
8,7,0.875,0.25,0.1875
8,8,1.0,0.25,0.0625
12,1,0.08333333333333333,1.0,1.0
12,2,0.16666666666666666,0.0625,0.0625
12,3,0.25,0.0625,0.0625
12,4,0.3333333333333333,0.0625,0.0625
12,5,0.4166666666666667,0.25,0.0625
12,6,0.5,0.125,0.0625
12,7,0.5833333333333334,1.0,0.0625
12,8,0.6666666666666666,0.5,0.0625
12,9,0.75,1.0,0.0625
12,10,0.8333333333333334,0.25,0.0625
12,11,0.9166666666666666,0.5,0.0625
12,12,1.0,0.25,0.0625
16,1,0.0625,1.0,1.0
16,2,0.125,0.0625,0.0625
16,3,0.1875,0.0625,0.0625
16,4,0.25,0.125,0.0625
16,5,0.3125,0.125,0.0625
16,6,0.375,0.5,0.0625
16,7,0.4375,0.5,0.0625
16,8,0.5,1.0,0.0625
16,9,0.5625,1.0,0.0625
16,10,0.625,0.5,0.0625
16,12,0.75,1.0,0.0625
16,14,0.875,1.0,0.0625
16,16,1.0,1.0,0.0625
