model,n_bits,m,capacity_ratio,full_acc_mean,full_acc_ci_low,full_acc_ci_high,bit_acc_mean,bit_acc_ci_low,bit_acc_ci_high,train_time_s_mean,infer_time_s_mean,params_count,recall_noise,p_value_full_vs_qam,p_value_bit_vs_qam,extra_notes
Hopfield,8,1,0.125,1.0,1.0,1.0,1.0,1.0,1.0,3.848075866699219e-05,0.00013151168823242188,64.0,0.15,1.0,1.0,Associative recall from corrupted inputs
QAM,8,1,0.125,1.0,1.0,1.0,1.0,1.0,1.0,1.8916574478149415,0.006674289703369141,64.0,0.15,1.0,1.0,Variational QAM | depth=8 | steps=100 | lr=0.05
Hopfield,8,2,0.25,1.0,1.0,1.0,1.0,1.0,1.0,3.080368041992187e-05,0.00010678768157958984,64.0,0.15,0.0625,0.0625,Associative recall from corrupted inputs
QAM,8,2,0.25,0.2,0.0,0.4,0.7125,0.6625,0.75,4.050544929504395,0.006917262077331543,64.0,0.15,0.0625,0.0625,Variational QAM | depth=8 | steps=100 | lr=0.05
Hopfield,8,3,0.375,0.3333333333333333,0.06666666666666667,0.5999999999999999,0.8916666666666666,0.875,0.9083333333333334,3.943443298339844e-05,0.00010701815287272136,64.0,0.15,0.25,0.0625,Associative recall from corrupted inputs
QAM,8,3,0.375,0.0,0.0,0.0,0.7083333333333333,0.6749999999999999,0.7416666666666667,6.357191705703736,0.007327127456665039,64.0,0.15,0.25,0.0625,Variational QAM | depth=8 | steps=100 | lr=0.05
Hopfield,8,4,0.5,0.05,0.0,0.15,0.7875,0.75,0.825,4.696846008300781e-05,0.00010869503021240234,64.0,0.15,1.0,0.0625,Associative recall from corrupted inputs
QAM,8,4,0.5,0.0,0.0,0.0,0.65625,0.61875,0.6875,8.607729625701904,0.007333147525787354,64.0,0.15,1.0,0.0625,Variational QAM | depth=8 | steps=100 | lr=0.05
Hopfield,8,5,0.625,0.16,0.04,0.28,0.7649999999999999,0.714875,0.8099999999999999,5.1927566528320315e-05,0.00010308265686035155,64.0,0.15,0.5,0.125,Associative recall from corrupted inputs
QAM,8,5,0.625,0.04,0.0,0.12000000000000002,0.6799999999999999,0.655,0.7050000000000001,10.685853433609008,0.007005167007446289,64.0,0.15,0.5,0.125,Variational QAM | depth=8 | steps=100 | lr=0.05
Hopfield,8,6,0.75,0.1,0.03333333333333333,0.16666666666666666,0.7958333333333333,0.7498958333333335,0.8333333333333333,5.1069259643554685e-05,9.926160176595053e-05,64.0,0.15,0.625,0.125,Associative recall from corrupted inputs
QAM,8,6,0.75,0.03333333333333333,0.0,0.1,0.6708333333333333,0.6458333333333333,0.6958333333333333,12.858722734451295,0.007029946645100911,64.0,0.15,0.625,0.125,Variational QAM | depth=8 | steps=100 | lr=0.05
Hopfield,8,7,0.875,0.11428571428571428,0.05714285714285714,0.14285714285714285,0.7464285714285713,0.6821428571428572,0.8107142857142857,5.784034729003906e-05,0.0001003537859235491,64.0,0.15,0.25,0.1875,Associative recall from corrupted inputs
QAM,8,7,0.875,0.02857142857142857,0.0,0.08571428571428572,0.6642857142857144,0.6392857142857142,0.6928571428571428,15.12492299079895,0.0069938932146344866,64.0,0.15,0.25,0.1875,Variational QAM | depth=8 | steps=100 | lr=0.05
Hopfield,8,8,1.0,0.15,0.075,0.225,0.75625,0.703125,0.79375,6.237030029296876e-05,0.00010040998458862304,64.0,0.15,0.25,0.0625,Associative recall from corrupted inputs
QAM,8,8,1.0,0.025,0.0,0.075,0.634375,0.609375,0.6625,17.367768335342408,0.007006096839904785,64.0,0.15,0.25,0.0625,Variational QAM | depth=8 | steps=100 | lr=0.05
Hopfield,12,1,0.08333333333333333,1.0,1.0,1.0,1.0,1.0,1.0,2.732276916503906e-05,0.00012726783752441405,144.0,0.15,1.0,1.0,Associative recall from corrupted inputs
QAM,12,1,0.08333333333333333,1.0,1.0,1.0,1.0,1.0,1.0,4.302744388580322,0.01414027214050293,96.0,0.15,1.0,1.0,Variational QAM | depth=8 | steps=100 | lr=0.05
Hopfield,12,2,0.16666666666666666,1.0,1.0,1.0,1.0,1.0,1.0,3.1995773315429685e-05,0.00010981559753417969,144.0,0.15,0.0625,0.0625,Associative recall from corrupted inputs
QAM,12,2,0.16666666666666666,0.0,0.0,0.0,0.725,0.6833333333333333,0.7666666666666668,8.676233768463135,0.014085507392883301,96.0,0.15,0.0625,0.0625,Variational QAM | depth=8 | steps=100 | lr=0.05
Hopfield,12,3,0.25,0.8666666666666666,0.7333333333333332,1.0,0.9722222222222221,0.9277777777777778,1.0,3.7717819213867185e-05,0.00011254946390787762,144.0,0.15,0.0625,0.0625,Associative recall from corrupted inputs
QAM,12,3,0.25,0.0,0.0,0.0,0.7388888888888889,0.7166666666666667,0.7611111111111111,13.171309566497802,0.014087311426798501,96.0,0.15,0.0625,0.0625,Variational QAM | depth=8 | steps=100 | lr=0.05
Hopfield,12,4,0.3333333333333333,0.45,0.3,0.6,0.8833333333333332,0.8458333333333334,0.9125,4.3344497680664065e-05,0.00010679960250854492,144.0,0.15,0.0625,0.0625,Associative recall from corrupted inputs
QAM,12,4,0.3333333333333333,0.0,0.0,0.0,0.7041666666666667,0.6833333333333333,0.7166666666666667,17.79209485054016,0.014058220386505126,96.0,0.15,0.0625,0.0625,Variational QAM | depth=8 | steps=100 | lr=0.05
Hopfield,12,5,0.4166666666666667,0.24,0.08,0.43999999999999995,0.8633333333333333,0.8300000000000001,0.8966666666666667,4.8160552978515625e-05,0.00010244369506835938,144.0,0.15,0.25,0.0625,Associative recall from corrupted inputs
QAM,12,5,0.4166666666666667,0.04,0.0,0.12000000000000002,0.6833333333333333,0.6633333333333334,0.7033333333333334,22.241675996780394,0.016129522323608397,96.0,0.15,0.25,0.0625,Variational QAM | depth=8 | steps=100 | lr=0.05
Hopfield,12,6,0.5,0.13333333333333333,0.06666666666666667,0.16666666666666666,0.8111111111111112,0.7888888888888889,0.8333333333333334,5.245208740234375e-05,0.00010129610697428386,144.0,0.15,0.125,0.0625,Associative recall from corrupted inputs
QAM,12,6,0.5,0.0,0.0,0.0,0.6472222222222223,0.6361111111111111,0.6583333333333333,27.157878398895264,0.014065766334533691,96.0,0.15,0.125,0.0625,Variational QAM | depth=8 | steps=100 | lr=0.05
Hopfield,12,7,0.5833333333333334,0.05714285714285714,0.0,0.11428571428571428,0.8095238095238095,0.7785714285714285,0.8428571428571427,6.0606002807617185e-05,0.00010355540684291295,144.0,0.15,1.0,0.0625,Associative recall from corrupted inputs
QAM,12,7,0.5833333333333334,0.02857142857142857,0.0,0.08571428571428572,0.6523809523809525,0.6404761904761905,0.6642857142857144,31.85080828666687,0.014035545076642716,96.0,0.15,1.0,0.0625,Variational QAM | depth=8 | steps=100 | lr=0.05
Hopfield,12,8,0.6666666666666666,0.075,0.0,0.175,0.7770833333333332,0.7479166666666668,0.8083333333333333,6.976127624511719e-05,0.000102996826171875,144.0,0.15,0.5,0.0625,Associative recall from corrupted inputs
QAM,12,8,0.6666666666666666,0.0,0.0,0.0,0.6145833333333333,0.60625,0.6229166666666667,36.694107961654666,0.014011651277542114,96.0,0.15,0.5,0.0625,Variational QAM | depth=8 | steps=100 | lr=0.05
Hopfield,12,9,0.75,0.02222222222222222,0.0,0.06666666666666667,0.7666666666666667,0.7462962962962965,0.787037037037037,7.300376892089843e-05,0.00010048018561469184,144.0,0.15,1.0,0.0625,Associative recall from corrupted inputs
QAM,12,9,0.75,0.0,0.0,0.0,0.6314814814814815,0.6203703703703705,0.6407407407407407,41.47452940940857,0.014007446500990126,96.0,0.15,1.0,0.0625,Variational QAM | depth=8 | steps=100 | lr=0.05
Hopfield,12,10,0.8333333333333334,0.08,0.02,0.14,0.7833333333333332,0.7482916666666666,0.8166666666666668,7.357597351074219e-05,0.00010045528411865234,144.0,0.15,0.25,0.0625,Associative recall from corrupted inputs
QAM,12,10,0.8333333333333334,0.0,0.0,0.0,0.6233333333333333,0.615,0.6300000000000001,46.28725600242615,0.013972206115722658,96.0,0.15,0.25,0.0625,Variational QAM | depth=8 | steps=100 | lr=0.05
Hopfield,12,11,0.9166666666666666,0.05454545454545454,0.0,0.12727272727272726,0.7651515151515151,0.7151515151515151,0.806060606060606,8.087158203125e-05,0.00010151863098144532,144.0,0.15,0.5,0.0625,Associative recall from corrupted inputs
QAM,12,11,0.9166666666666666,0.0,0.0,0.0,0.6272727272727272,0.6196969696969697,0.6333333333333333,50.996708393096924,0.014450311660766602,96.0,0.15,0.5,0.0625,Variational QAM | depth=8 | steps=100 | lr=0.05
Hopfield,12,12,1.0,0.08333333333333333,0.03333333333333333,0.13333333333333333,0.7319444444444445,0.7055555555555555,0.7583333333333334,8.292198181152344e-05,9.97742017110189e-05,144.0,0.15,0.25,0.0625,Associative recall from corrupted inputs
QAM,12,12,1.0,0.016666666666666666,0.0,0.05,0.6083333333333334,0.5986111111111111,0.6180555555555556,56.16672368049622,0.01398917039235433,96.0,0.15,0.25,0.0625,Variational QAM | depth=8 | steps=100 | lr=0.05
Hopfield,16,1,0.0625,1.0,1.0,1.0,1.0,1.0,1.0,2.5224685668945312e-05,0.00012712478637695314,256.0,0.15,1.0,1.0,Associative recall from corrupted inputs
QAM,16,1,0.0625,1.0,1.0,1.0,1.0,1.0,1.0,19.553169345855714,0.04073729515075684,128.0,0.15,1.0,1.0,Variational QAM | depth=8 | steps=100 | lr=0.05
Hopfield,16,2,0.125,1.0,1.0,1.0,1.0,1.0,1.0,3.2806396484375e-05,0.00011615753173828125,256.0,0.15,0.0625,0.0625,Associative recall from corrupted inputs
QAM,16,2,0.125,0.0,0.0,0.0,0.70625,0.6625,0.74375,39.27036242485046,0.03544118404388428,128.0,0.15,0.0625,0.0625,Variational QAM | depth=8 | steps=100 | lr=0.05
Hopfield,16,3,0.1875,0.7333333333333333,0.5333333333333333,0.9333333333333332,0.9708333333333332,0.9416666666666667,0.9958333333333332,3.9005279541015624e-05,0.00010689099629720052,256.0,0.15,0.0625,0.0625,Associative recall from corrupted inputs
QAM,16,3,0.1875,0.0,0.0,0.0,0.7458333333333333,0.7125000000000001,0.7791666666666666,58.97289662361145,0.0353978951772054,128.0,0.15,0.0625,0.0625,Variational QAM | depth=8 | steps=100 | lr=0.05
Hopfield,16,4,0.25,0.5,0.25,0.7,0.94375,0.915625,0.965625,4.367828369140625e-05,0.00010724067687988282,256.0,0.15,0.125,0.0625,Associative recall from corrupted inputs
QAM,16,4,0.25,0.0,0.0,0.0,0.684375,0.65,0.715625,78.86509985923767,0.03525865077972412,128.0,0.15,0.125,0.0625,Variational QAM | depth=8 | steps=100 | lr=0.05
Hopfield,16,5,0.3125,0.24,0.12000000000000002,0.36,0.89,0.86,0.9175000000000001,4.99725341796875e-05,0.00010171890258789064,256.0,0.15,0.125,0.0625,Associative recall from corrupted inputs
QAM,16,5,0.3125,0.0,0.0,0.0,0.6824999999999999,0.6775,0.6875,98.85167660713196,0.03521258354187012,128.0,0.15,0.125,0.0625,Variational QAM | depth=8 | steps=100 | lr=0.05
Hopfield,16,6,0.375,0.13333333333333333,0.0,0.26666666666666666,0.81875,0.7583333333333334,0.875,5.2881240844726565e-05,0.00010121663411458335,256.0,0.15,0.5,0.0625,Associative recall from corrupted inputs
QAM,16,6,0.375,0.0,0.0,0.0,0.6354166666666666,0.6186979166666666,0.6541666666666666,118.95852055549622,0.03531097571055094,128.0,0.15,0.5,0.0625,Variational QAM | depth=8 | steps=100 | lr=0.05
Hopfield,16,7,0.4375,0.08571428571428572,0.0,0.19999999999999998,0.7982142857142858,0.7535714285714286,0.8482142857142856,5.91278076171875e-05,0.0001033782958984375,256.0,0.15,0.5,0.0625,Associative recall from corrupted inputs
QAM,16,7,0.4375,0.0,0.0,0.0,0.6589285714285714,0.6392857142857142,0.6803571428571427,138.97798376083375,0.03503994941711426,128.0,0.15,0.5,0.0625,Variational QAM | depth=8 | steps=100 | lr=0.05
Hopfield,16,8,0.5,0.025,0.0,0.075,0.775,0.7484375,0.8015625,6.823539733886718e-05,0.0001050114631652832,256.0,0.15,1.0,0.0625,Associative recall from corrupted inputs
QAM,16,8,0.5,0.0,0.0,0.0,0.6390625,0.6125,0.659375,158.13012838363647,0.0352616012096405,128.0,0.15,1.0,0.0625,Variational QAM | depth=8 | steps=100 | lr=0.05
Hopfield,16,9,0.5625,0.02222222222222222,0.0,0.06666666666666667,0.7361111111111112,0.7055555555555555,0.7777777777777779,6.818771362304688e-05,9.953710767957899e-05,256.0,0.15,1.0,0.0625,Associative recall from corrupted inputs
QAM,16,9,0.5625,0.0,0.0,0.0,0.6333333333333334,0.6125,0.6541666666666666,179.47851519584657,0.03523241149054633,128.0,0.15,1.0,0.0625,Variational QAM | depth=8 | steps=100 | lr=0.05
Hopfield,16,10,0.625,0.06000000000000001,0.0,0.13999999999999999,0.7625,0.7450000000000001,0.785,7.801055908203125e-05,9.982109069824219e-05,256.0,0.15,0.5,0.0625,Associative recall from corrupted inputs
QAM,16,10,0.625,0.0,0.0,0.0,0.61875,0.5962500000000001,0.6325000000000001,199.58816709518433,0.03615800857543945,128.0,0.15,0.5,0.0625,Variational QAM | depth=8 | steps=100 | lr=0.05
Hopfield,16,12,0.75,0.016666666666666666,0.0,0.05,0.7364583333333333,0.7166666666666666,0.753125,8.640289306640624e-05,0.00010053316752115885,256.0,0.15,1.0,0.0625,Associative recall from corrupted inputs
QAM,16,12,0.75,0.0,0.0,0.0,0.6166666666666666,0.6093749999999999,0.6239583333333334,240.43177061080934,0.03739476998647054,128.0,0.15,1.0,0.0625,Variational QAM | depth=8 | steps=100 | lr=0.05
Hopfield,16,14,0.875,0.014285714285714285,0.0,0.04285714285714286,0.7348214285714285,0.7071428571428571,0.7625,9.641647338867187e-05,9.827273232596262e-05,256.0,0.15,1.0,0.0625,Associative recall from corrupted inputs
QAM,16,14,0.875,0.0,0.0,0.0,0.6160714285714286,0.6089285714285715,0.6276785714285714,282.34648299217224,0.035158436638968324,128.0,0.15,1.0,0.0625,Variational QAM | depth=8 | steps=100 | lr=0.05
Hopfield,16,16,1.0,0.0125,0.0,0.0375,0.72890625,0.70234375,0.74921875,0.00010733604431152343,9.860992431640626e-05,256.0,0.15,1.0,0.0625,Associative recall from corrupted inputs
QAM,16,16,1.0,0.0,0.0,0.0,0.6078125,0.59765625,0.61953125,325.8729640483856,0.03518818914890289,128.0,0.15,1.0,0.0625,Variational QAM | depth=8 | steps=100 | lr=0.05
