model,n_bits,capacity_ratio,critical_noise
hopfield,8,0.1,0.3
hopfield,8,0.25,0.1
hopfield,8,0.5,0.0
hopfield,8,0.75,0.0
hopfield,8,1.0,0.0
hopfield,12,0.1,0.3333333333333333
hopfield,12,0.25,0.0666666666666666
hopfield,12,0.5,0.0
hopfield,12,0.75,0.0
hopfield,12,1.0,0.0
hopfield,16,0.1,0.3333333333333333
hopfield,16,0.25,0.0
hopfield,16,0.5,0.0
hopfield,16,0.75,0.0
hopfield,16,1.0,0.0
hopfield,24,0.1,0.3
hopfield,24,0.25,0.0
hopfield,24,0.5,0.0
hopfield,24,0.75,0.0
hopfield,24,1.0,0.0
hopfield,32,0.1,0.2333333333333333
hopfield,32,0.25,0.0
hopfield,32,0.5,0.0
hopfield,32,0.75,0.0
hopfield,32,1.0,0.0
hopfield,48,0.1,0.2666666666666666
hopfield,48,0.25,0.0
hopfield,48,0.5,0.0
hopfield,48,0.75,0.0
hopfield,48,1.0,0.0
hopfield,64,0.1,0.2333333333333333
hopfield,64,0.25,0.0
hopfield,64,0.5,0.0
hopfield,64,0.75,0.0
hopfield,64,1.0,0.0
hopfield,96,0.1,0.2
hopfield,96,0.25,0.0
hopfield,96,0.5,0.0
hopfield,96,0.75,0.0
hopfield,96,1.0,0.0
hopfield,128,0.1,0.2
hopfield,128,0.25,0.0
hopfield,128,0.5,0.0
hopfield,128,0.75,0.0
hopfield,128,1.0,0.0
qam,8,0.25,0.2
qam,8,0.5,0.1333333333333333
qam,8,0.75,0.1
qam,8,1.0,0.0666666666666666
qam,12,0.25,0.2
qam,12,0.5,0.1666666666666666
qam,12,0.75,0.1333333333333333
qam,12,1.0,0.1333333333333333
qam,16,0.25,0.2
qam,16,0.5,0.2
qam,16,0.75,0.1666666666666666
qam,16,1.0,0.1666666666666666
qam,24,0.1,0.3333333333333333
qam,24,0.25,0.2333333333333333
qam,24,0.5,0.2
qam,24,0.75,0.2
qam,24,1.0,0.1666666666666666
qam,32,0.1,0.3333333333333333
qam,32,0.25,0.3
qam,32,0.5,0.2666666666666666
qam,32,0.75,0.2333333333333333
qam,32,1.0,0.2333333333333333
qam,48,0.1,0.3666666666666666
qam,48,0.25,0.3
qam,48,0.5,0.2666666666666666
qam,48,0.75,0.2666666666666666
qam,48,1.0,0.2666666666666666
qam,64,0.1,0.3333333333333333
qam,64,0.25,0.3333333333333333
qam,64,0.5,0.3
qam,64,0.75,0.3
qam,64,1.0,0.3
qam,96,0.1,0.3666666666666666
qam,96,0.25,0.3666666666666666
qam,96,0.5,0.3333333333333333
qam,96,0.75,0.3333333333333333
qam,96,1.0,0.3333333333333333
qam,128,0.1,0.3666666666666666
qam,128,0.25,0.3666666666666666
qam,128,0.5,0.3666666666666666
qam,128,0.75,0.3666666666666666
qam,128,1.0,0.3333333333333333
