n_bits,m,depth,full_acc_mean,bit_acc_mean,train_time_mean,params
8,4,1,0.0,0.55625,1.5498682022094727,8
8,4,2,0.0,0.65625,2.4161964416503907,16
8,4,4,0.0,0.65625,4.210432815551758,32
8,4,6,0.1,0.65625,6.260598945617676,48
8,4,8,0.0,0.65625,8.451866054534912,64
8,4,10,0.0,0.65625,10.29344425201416,80
8,4,12,0.0,0.65625,11.930528259277343,96
12,8,1,0.0,0.54375,6.065131378173828,12
12,8,2,0.0,0.59375,10.044428443908691,24
12,8,4,0.0,0.6145833333333334,18.263790607452393,48
12,8,6,0.0,0.6145833333333334,26.672319984436037,72
12,8,8,0.0,0.6145833333333334,35.10264229774475,96
12,8,10,0.0,0.6145833333333333,43.05354223251343,120
12,8,12,0.0,0.6145833333333334,52.39401812553406,144
16,12,1,0.0,0.5208333333333333,40.104098320007324,16
16,12,2,0.0,0.5708333333333333,67.74789156913758,32
16,12,4,0.0,0.6125,124.04976496696472,64
16,12,6,0.0,0.6166666666666666,180.3011300086975,96
16,12,8,0.0,0.6166666666666666,236.03970832824706,128
16,12,10,0.0,0.6125,294.0527346611023,160
16,12,12,0.0,0.6104166666666666,356.19185457229617,192
