n_bits,capacity_ratio,noise,delta_full,full_magnitude,delta_bit,bit_magnitude
8,0.2,0.1,0.667,Large,0.667,Large
8,0.2,0.2,0.9,Large,0.9,Large
8,0.3,0.1,0.551,Large,0.587,Large
8,0.3,0.2,0.711,Large,0.752,Large
8,0.4,0.1,0.447,Medium,0.619,Large
8,0.4,0.2,0.411,Medium,0.66,Large
8,0.5,0.1,0.074,Negligible,0.358,Medium
8,0.5,0.2,0.302,Small,0.612,Large
12,0.2,0.1,0.783,Large,0.793,Large
12,0.2,0.2,0.887,Large,0.956,Large
12,0.3,0.1,0.902,Large,0.933,Large
12,0.3,0.2,0.95,Large,0.9,Large
12,0.4,0.1,0.628,Large,0.751,Large
12,0.4,0.2,0.667,Large,0.773,Large
12,0.5,0.1,0.3,Small,0.691,Large
12,0.5,0.2,0.476,Large,0.879,Large
16,0.2,0.1,0.94,Large,0.969,Large
16,0.2,0.2,0.876,Large,0.99,Large
16,0.3,0.1,0.831,Large,0.987,Large
16,0.3,0.2,0.776,Large,0.957,Large
16,0.4,0.1,0.591,Large,0.939,Large
16,0.4,0.2,0.384,Medium,0.976,Large
16,0.5,0.1,0.439,Medium,0.837,Large
16,0.5,0.2,0.333,Medium,0.899,Large
