n_bits,capacity_ratio,noise,mean_hopfield_full,mean_qam_full,mean_diff_full,full_ci_2p5,full_ci_97p5,full_p_value,mean_hopfield_bit,mean_qam_bit,mean_diff_bit,bit_ci_2p5,bit_ci_97p5,bit_p_value
8,0.2,0.1,1.0,0.3333333333333333,-0.6666666666666667,-0.8333333333333334,-0.5,7.74421643104407e-06,1.0,0.7666666666666667,-0.23333333333333328,-0.3125,-0.15833333333333333,8.01158765602935e-05
8,0.2,0.2,1.0,0.1,-0.9,-1.0,-0.7666666666666667,2.0345546145444244e-07,1.0,0.675,-0.32499999999999996,-0.39166666666666666,-0.25833333333333336,4.888928925732363e-06
8,0.3,0.1,0.8333333333333334,0.43333333333333335,-0.4,-0.5666666666666667,-0.23333333333333334,0.0005732163727961577,0.9520833333333333,0.78125,-0.17083333333333328,-0.2375,-0.10619791666666742,0.0002735180244632225
8,0.3,0.2,0.6,0.11666666666666667,-0.4833333333333333,-0.6166666666666667,-0.35,3.9577289932695085e-05,0.8770833333333333,0.64375,-0.23333333333333328,-0.3125,-0.15625,2.190734809982732e-05
8,0.4,0.1,0.6222222222222222,0.3777777777777778,-0.2444444444444444,-0.38888888888888895,-0.07777777777777778,0.021725778754702333,0.923611111111111,0.7833333333333332,-0.14027777777777783,-0.19861111111111113,-0.08194444444444446,0.00023182681490438396
8,0.4,0.2,0.36666666666666664,0.16666666666666663,-0.2,-0.32222222222222224,-0.06666666666666667,0.008991246812656041,0.8416666666666667,0.663888888888889,-0.1777777777777777,-0.2361111111111111,-0.11666666666666668,6.679632499468407e-05
8,0.5,0.1,0.4166666666666667,0.39166666666666666,-0.025000000000000022,-0.13333333333333333,0.08333333333333333,0.7194375444233914,0.8395833333333333,0.7822916666666667,-0.05729166666666663,-0.103125,-0.011458333333333333,0.025731264904888057
8,0.5,0.2,0.26666666666666666,0.15,-0.11666666666666667,-0.21666666666666667,-0.03333333333333333,0.01842888576131464,0.7833333333333333,0.6760416666666667,-0.10729166666666667,-0.15208333333333332,-0.06559895833333372,0.0001789487665009724
12,0.2,0.1,0.95,0.3333333333333333,-0.6166666666666667,-0.7666666666666667,-0.45,1.789512838954227e-05,0.9875,0.7847222222222221,-0.20277777777777795,-0.2638888888888889,-0.1416666666666667,2.0758440991530385e-05
12,0.2,0.2,0.7833333333333333,0.1,-0.6833333333333333,-0.8166666666666667,-0.55,4.134748374858321e-06,0.9430555555555556,0.6347222222222222,-0.30833333333333346,-0.35694444444444434,-0.2611111111111111,1.884061815903355e-06
12,0.3,0.1,0.8777777777777778,0.25555555555555554,-0.6222222222222222,-0.7444444444444446,-0.48888888888888893,4.321823941158317e-06,0.9787037037037037,0.7833333333333331,-0.19537037037037064,-0.23148148148148145,-0.16018518518518518,2.0062407966178175e-06
12,0.3,0.2,0.622222222222222,0.03333333333333333,-0.5888888888888887,-0.7,-0.4777777777777777,3.2621440182651025e-06,0.8842592592592593,0.6574074074074073,-0.22685185185185197,-0.2777777777777778,-0.17592592592592596,3.857131565809658e-06
12,0.4,0.1,0.5583333333333333,0.24166666666666667,-0.31666666666666665,-0.44166666666666665,-0.18333333333333332,0.0003657197068387199,0.9055555555555556,0.7680555555555557,-0.13749999999999984,-0.17777777777777778,-0.09166666666666669,5.0372324536651796e-05
12,0.4,0.2,0.325,0.05,-0.275,-0.375,-0.18333333333333332,6.71675269946788e-05,0.821527777777778,0.6444444444444444,-0.1770833333333336,-0.2354166666666666,-0.11944444444444442,2.47149580696021e-05
12,0.5,0.1,0.23888888888888887,0.1611111111111111,-0.07777777777777778,-0.15,5.551115123125783e-18,0.08830719565818755,0.8171296296296298,0.7000000000000001,-0.1171296296296297,-0.15879629629629627,-0.07637731481481498,8.534791814315812e-05
12,0.5,0.2,0.11111111111111109,0.02222222222222222,-0.08888888888888888,-0.12777777777777777,-0.05,0.0006787582109079348,0.7546296296296297,0.6009259259259261,-0.15370370370370356,-0.19490740740740745,-0.11342592592592597,3.506904076379344e-06
16,0.2,0.1,0.8333333333333334,0.13333333333333333,-0.7000000000000001,-0.788888888888889,-0.611111111111111,1.453290306011514e-06,0.9756944444444445,0.7263888888888891,-0.24930555555555545,-0.2930555555555555,-0.20694444444444446,1.7191759138770554e-06
16,0.2,0.2,0.6,0.02222222222222222,-0.5777777777777777,-0.6777777777777778,-0.4666666666666667,4.276620024492397e-06,0.9131944444444444,0.6145833333333334,-0.29861111111111105,-0.3458333333333333,-0.25000000000000006,1.9042012308985503e-06
16,0.3,0.1,0.6,0.03333333333333333,-0.5666666666666667,-0.6833333333333333,-0.44166666666666665,6.852829908924801e-06,0.9395833333333333,0.690625,-0.24895833333333328,-0.2864583333333333,-0.2109375,1.715928675058691e-06
16,0.3,0.2,0.4083333333333333,0.03333333333333333,-0.375,-0.4666666666666667,-0.2833333333333333,1.3792334908474833e-05,0.8682291666666667,0.6104166666666667,-0.2578125,-0.2984375,-0.21770833333333334,2.5236398317331045e-06
16,0.4,0.1,0.2722222222222222,0.03888888888888889,-0.2333333333333333,-0.3222222222222222,-0.14444444444444443,0.00014032486346552423,0.8552083333333332,0.6895833333333333,-0.1656249999999999,-0.19305555555555556,-0.13819444444444443,1.7191759138770554e-06
16,0.4,0.2,0.12222222222222222,0.02222222222222222,-0.1,-0.1611111111111111,-0.05,0.0013217768138479224,0.7788194444444444,0.6055555555555556,-0.17326388888888877,-0.2034809027777778,-0.14166666666666664,1.9065823288307218e-06
16,0.5,0.1,0.09166666666666666,0.004166666666666667,-0.0875,-0.13333333333333333,-0.04583333333333333,0.0010759636325298962,0.7794270833333333,0.6705729166666666,-0.1088541666666667,-0.13958333333333334,-0.0796875,5.154013830110001e-06
16,0.5,0.2,0.05416666666666667,0.0,-0.05416666666666667,-0.09166666666666666,-0.025,0.0029807046202068384,0.73671875,0.5890625,-0.14765624999999993,-0.17552083333333332,-0.11927083333333334,3.667360776040485e-06
