step,mean_loss,std_loss
0,1.9143786264215745,0.06822227458825908
1,1.819924725174704,0.06968419192325784
2,1.670337876261249,0.06941814061936759
3,1.498547847067891,0.06710479254744386
4,1.3465657118125725,0.060264797973353317
5,1.2255739913955728,0.05001379518618701
6,1.1342322872430843,0.03815951020825088
7,1.0698155329341177,0.025685704251125856
8,1.0284227129801613,0.015061642287290445
9,1.0044258297396331,0.010171974861490678
10,0.9918786957687153,0.011757783516145974
11,0.9861071397587287,0.01460213171089479
12,0.9839892757920281,0.016722640295746515
13,0.9834938941479793,0.018012984449465787
14,0.9833021622852178,0.01853587417881711
15,0.9826425796738247,0.01833474323938972
16,0.9811884082468034,0.01750265433349802
17,0.9789382075103165,0.016246340204507957
18,0.9760930878254319,0.01488266036858437
19,0.9729545615482653,0.013746733959466226
20,0.9698434549028533,0.013042642484244537
21,0.9670320677106767,0.012751946294254753
22,0.9646907166664919,0.012710671762694031
23,0.9628594301679364,0.012773462387099591
24,0.9614549456794181,0.012896790901451027
25,0.960311793866787,0.013107456541817138
26,0.9592410918557559,0.013431586039422693
27,0.9580831010529027,0.013856478364523007
28,0.9567368194845715,0.014339889347804832
29,0.9551651395853851,0.014836906302138592
30,0.9533843507895362,0.015316916459536154
31,0.9514476973219484,0.015765765889683456
32,0.9494289068820967,0.016180146495988704
33,0.9474079521422505,0.016561032428179225
34,0.9454594383948574,0.016909311281982996
35,0.9436436285327133,0.017224043383017047
36,0.9420004176866213,0.017502623911897653
37,0.9405467871228326,0.017741931153916368
38,0.9392779534977883,0.01793970494414243
39,0.9381716662353011,0.01809559613956452
40,0.93719437673122,0.018211531438929375
41,0.9363077606826918,0.018291319491984443
42,0.9354743894829713,0.018339757640419133
43,0.9346619349818912,0.01836172293407133
44,0.9338458104135311,0.01836169654033848
45,0.9330104294955626,0.018343890318136925
46,0.9321493273596385,0.0183127903648243
47,0.9312643367777333,0.018273702707616364
48,0.930363953487355,0.018232880803845598
49,0.9294610275828185,0.018197010237568874
50,0.9285700186488836,0.018172127942954766
51,0.9277042273014197,0.01816234621105767
52,0.9268735682663771,0.018168919622560377
53,0.9260834393992715,0.01819013366428132
54,0.925334971327997,0.018222170305954237
55,0.9246264661824523,0.018260624564909997
56,0.9239553742019981,0.01830196710453948
57,0.923319980582766,0.018344238204233334
58,0.9227201908153532,0.018386667233796953
59,0.9221572757528379,0.018428499539041927
60,0.9216329004315847,0.01846772962224522
61,0.9211479993305249,0.018500471523983236
62,0.9207020136704976,0.018521365173322063
63,0.9202927496202958,0.01852491298182656
64,0.9199167965660148,0.01850720438773609
65,0.9195702075431901,0.018467300527803328
66,0.9192490781548411,0.018407679192449546
67,0.9189497717190682,0.018333513707645483
68,0.9186687605849073,0.0182510217944537
69,0.9184022805159148,0.01816549180130567
70,0.91814611840782,0.018079727987404915
71,0.9178958024027724,0.017993487835966833
72,0.9176472460108513,0.017904066658400643
73,0.9173976195932759,0.01780769794728486
74,0.9171460427104261,0.01770111732191033
75,0.9168937251094471,0.017582640947146413
76,0.9166434234372147,0.017452414066350563
77,0.9163983949267803,0.017311907745256625
78,0.9161612513173467,0.01716305718243753
79,0.9159331403623346,0.017007506775816514
80,0.9157135142473328,0.016846265765927074
81,0.9155004850715612,0.01667980997097697
82,0.9152915483542983,0.016508445332369847
83,0.9150843649289975,0.016332674040155034
84,0.9148773393248808,0.016153373070564483
85,0.914669864991248,0.015971736041692827
86,0.9144622501081306,0.015789056855216133
87,0.9142554369808517,0.015606493614314976
88,0.9140506609093747,0.015424934594377902
89,0.9138491685010613,0.015245019822553031
90,0.9136520564563065,0.015067292306194328
91,0.9134602302625647,0.014892398183198407
92,0.9132744408821235,0.014721243430209951
93,0.9130953452436327,0.014555043010073092
94,0.9129235484490641,0.014395247488835992
95,0.9127596095745546,0.014243378747594385
96,0.9126040154899608,0.014100832913622458
97,0.9124571395433546,0.013968708991765794
98,0.9123192024367516,0.013847701336772492
99,0.9121902453039327,0.013738065636444332
100,0.9120701166202823,0.013639644650568569
101,0.9119584703730149,0.013551929528125851
102,0.9118547740471206,0.013474135252150122
103,0.9117583286578853,0.013405278598626641
104,0.9116683050937074,0.013344256194991449
105,0.911583798814207,0.013289923808283505
106,0.9115038989914463,0.0132411755434418
107,0.911427761523659,0.013197016480771467
108,0.9113546715734503,0.013156618662473122
109,0.9112840825263636,0.013119350965253108
110,0.9112156242696754,0.013084778386085863
111,0.9111490821172983,0.013052633547536021
112,0.9110843553511264,0.013022769828084571
113,0.9110214085581236,0.012995108992541127
114,0.9109602286154845,0.012969595556885859
115,0.9109007960182716,0.01294616605568406
116,0.9108430732653586,0.012924735732891973
117,0.9107870075761185,0.012905200054525173
118,0.910732542028431,0.012887445356058609
119,0.910679628805954,0.012871362347244807
120,0.9106282399473224,0.012856857569859744
121,0.9105783734737888,0.012843860167367197
122,0.9105300547826264,0.012832323428513537
123,0.9104833341121469,0.012822221886141094
124,0.910438280861637,0.012813545209574465
125,0.9103949752245996,0.012806290042350335
126,0.9103534976023994,0.012800450741678618
127,0.9103139168369063,0.012796009966478753
128,0.9102762791477493,0.012792930267699511
129,0.9102406001907738,0.012791148060395061
130,0.910206862357596,0.01279057132445867
131,0.910175018207335,0.012791081906203875
132,0.9101449991538525,0.01279254239933017
133,0.9101167269293894,0.012794806507546611
134,0.9100901245733044,0.012797730885649467
135,0.9100651240567075,0.012801186042844987
136,0.9100416689652625,0.012805064128972485
137,0.9100197123640936,0.012809282243640238
138,0.909999211404607,0.012813781050090808
139,0.9099801209380001,0.012818519591386518
140,0.9099623882607707,0.012823467987108213
141,0.9099459503528093,0.012828599962219687
142,0.9099307339736068,0.012833886924975278
143,0.9099166581326005,0.01283929470520098
144,0.9099036379644668,0.012844783292727289
145,0.9098915889464626,0.012850309177928893
146,0.9098804305836726,0.012855829341606027
147,0.9098700890065983,0.012861305655934263
148,0.909860498253028,0.012866708471298997
149,0.9098516002814551,0.012872018455799583
150,0.9098433439705028,0.01287722625690512
151,0.9098356834959348,0.012882330151357662
152,0.9098285765361299,0.012887332387999056
153,0.9098219827269743,0.012892235257229316
154,0.9098158626697419,0.012897037940029965
155,0.90981017761826,0.01290173489367331
156,0.9098048897844745,0.012906316021984613
157,0.9097999630574494,0.012910768331444313
158,0.9097953638638531,0.012915078374713021
159,0.90979106191155,0.012919234651145665
160,0.9097870306299112,0.012923229283156852
161,0.9097832472186655,0.012927058627895331
162,0.9097796923141152,0.012930722868682302
163,0.909776349361115,0.012934224921685413
164,0.9097732038333276,0.012937569113028565
165,0.9097702424675312,0.012940760031585747
166,0.9097674526652866,0.01294380180467493
167,0.909764822166372,0.012946697859454499
168,0.9097623390220321,0.012949451086325253
169,0.9097599918125082,0.01295206424055338
170,0.9097577699885613,0.01295454040129655
171,0.9097556641921803,0.012956883334550038
172,0.9097536664346144,0.012959097659561986
173,0.9097517700699834,0.012961188784061252
174,0.9097499695768176,0.012963162641476435
175,0.909748260221758,0.012965025319650974
176,0.9097466377099552,0.012966782699220414
177,0.9097450979189722,0.012968440209218841
178,0.9097436367740451,0.012970002759158607
179,0.909742250268681,0.012971474838605725
180,0.9097409345853985,0.012972860714765125
181,0.9097396862433439,0.01297416463043313
182,0.9097385022005618,0.012975390918317207
183,0.9097373798658502,0.012976543993465015
184,0.9097363170158194,0.012977628240354056
185,0.9097353116499974,0.01297864785096858
186,0.9097343618364571,0.012979606680961982
187,0.9097334655970677,0.012980508173664853
188,0.9097326208599843,0.012981355368731103
189,0.9097318254790436,0.012982150979710375
190,0.909731077297501,0.012982897504790978
191,0.9097303742239994,0.012983597331489976
192,0.909729714291951,0.012984252806193083
193,0.9097290956848605,0.012984866256502907
194,0.909728516723748,0.012985439971480777
195,0.9097279758246236,0.012985976157099057
196,0.9097274714418925,0.012986476888983663
197,0.9097270020166447,0.012986944081591343
198,0.9097265659462691,0.01298737948416582
199,0.9097261615838835,0.01298778470264322
200,0.9097257872648218,0.012988161237316734
201,0.909725441347176,0.01298851052187703
202,0.9097251222488169,0.01298883395150884
203,0.9097248284667425,0.012989132894382865
204,0.9097245585742263,0.012989408688578898
205,0.9097243112019369,0.012989662631680976
206,0.9097240850155209,0.012989895971134464
207,0.9097238787014184,0.012990109900555444
208,0.9097236909663801,0.012990305562765404
209,0.9097235205484667,0.012990484056884348
210,0.9097233662323659,0.012990646445655464
211,0.9097232268614364,0.01299079376013824
212,0.9097231013420624,0.012990927000799702
213,0.9097229886402145,0.012991047135659172
214,0.9097228877733744,0.012991155096935944
215,0.9097227978021882,0.012991251777724313
216,0.9097227178255006,0.012991338029939606
217,0.9097226469804824,0.012991414664351029
218,0.9097225844472433,0.012991482452889173
219,0.9097225294553973,0.01299154213255949
220,0.9097224812892684,0.01299159440944441
221,0.9097224392891133,0.012991639960931734
222,0.9097224028476697,0.012991679434864208
223,0.9097223714035046,0.012991713445668974
224,0.9097223444339687,0.012991742569037013
225,0.9097223214503442,0.012991767337530056
226,0.9097223019963239,0.012991788239094528
227,0.9097222856491557,0.012991805719065826
228,0.9097222720216772,0.012991820184662455
229,0.9097222607634415,0.012991832010040156
230,0.9097222515599741,0.01299184154012591
231,0.9097222441302416,0.012991849092414116
232,0.9097222382231122,0.012991854957046247
233,0.9097222336137628,0.012991859396194017
234,0.9097222301007291,0.012991862643821558
235,0.9097222275038849,0.012991864906455026
236,0.9097222256632226,0.012991866365014497
237,0.9097222244380544,0.012991867177324248
238,0.9097222237061674,0.012991867480740877
239,0.909722223362596,0.012991867394409263
240,0.9097222233179272,0.01299186702089435
241,0.9097222234963226,0.01299186644724808
242,0.9097222238335844,0.012991865745832415
243,0.9097222242755708,0.012991864975304098
244,0.9097222247770841,0.012991864182033682
245,0.9097222253011453,0.012991863401945086
246,0.9097222258184329,0.012991862662492385
247,0.909722226306643,0.012991861984395737
248,0.9097222267496362,0.01299186138287384
249,0.9097222271363918,0.012991860868352651
250,0.9097222274599176,0.012991860446848035
251,0.9097222277162965,0.012991860120293915
252,0.9097222279039925,0.012991859887030279
253,0.9097222280234228,0.01299185974252327
254,0.9097222280767098,0.01299185968024451
255,0.9097222280674878,0.01299185969254929
256,0.9097222280006827,0.012991859771380516
257,0.9097222278822178,0.012991859908679458
258,0.9097222277186642,0.012991860096498817
259,0.9097222275168679,0.012991860326930333
260,0.9097222272836077,0.012991860592024415
261,0.9097222270253368,0.012991860883845035
262,0.9097222267480501,0.01299186119470163
263,0.9097222264572653,0.012991861517473259
264,0.9097222261580754,0.01299186184588455
265,0.9097222258551984,0.012991862174625838
266,0.9097222255529775,0.012991862499297794
267,0.9097222252553244,0.012991862816253443
268,0.909722224965637,0.012991863122434954
269,0.9097222246867416,0.012991863415278354
270,0.90972222442088,0.012991863692693797
271,0.9097222241697517,0.01299186395308839
272,0.9097222239345891,0.01299186419538294
273,0.9097222237162397,0.012991864418986287
274,0.9097222235152257,0.012991864623728963
275,0.9097222233317747,0.012991864809770359
276,0.9097222231658222,0.0129918649775086
277,0.9097222230170204,0.012991865127516244
278,0.9097222228847649,0.012991865260509437
279,0.9097222227682584,0.012991865377341682
280,0.9097222226665794,0.012991865479003169
281,0.9097222225787404,0.012991865566603561
282,0.9097222225037168,0.012991865641333781
283,0.9097222224404513,0.012991865704411338
284,0.9097222223878542,0.012991865757028891
285,0.9097222223448126,0.012991865800320346
286,0.9097222223102159,0.01299186583535003
287,0.9097222222829858,0.012991865863119276
288,0.9097222222621064,0.01299186588457664
289,0.9097222222466407,0.012991865900623682
290,0.9097222222357341,0.01299186591210929
291,0.9097222222286097,0.012991865919817611
292,0.9097222222245581,0.01299186592445511
293,0.9097222222229355,0.012991865926643753
294,0.909722222223165,0.012991865926924192
295,0.9097222222247433,0.012991865925765343
296,0.9097222222272433,0.012991865923574751
297,0.9097222222303113,0.01299186592070574
298,0.9097222222336577,0.012991865917458018
299,0.909722222237049,0.012991865914077807
300,0.9097222222402976,0.012991865910759591
